Workbook

Sheet Inputs
A1: Spell Scoring Probability Model Inputs
A3: Parameter | B3: Value | C3: Meaning | D3: Editable?
A4: Ranks per energy | B4: 15 | C4: Ranks are 1–15; no wraparound | D4: Yes
A5: Deck 1 energies | B5: 4 | C5: Deck 1 = 4×15 = 60 cards, no wilds | D5: Yes
A6: Deck 2 energies | B6: 5 | C6: Deck 2 = 5×15 = 75 cards, no wilds | D6: Yes
A7: Raw weight alpha | B7: 0.8 | C7: Combined model weight on raw final-state rarity | D7: Yes
A8: Marginal weight | B8: =1-B7 -> 0.2 | C8: Weight on incremental build-path probability | D8: Formula
A9: Opportunity cards (m) | B9: 15 | C9: Fixed-opportunity window; default 15 so the full 3–15 scoring table is comparable | D9: Yes
A11: Model notes
A12: Raw model: counts valid exact n-card final subsets and divides by all n-card subsets: valid_count / COMBIN(total_cards,n).
A13: Marginal model: starts with the raw probability of a valid 3-card spell, then multiplies by realistic conditional extension probabilities from size k to k+1.
A14: Combined model: log-space blend. Combined probability = EXP(-(alpha×raw_difficulty + (1-alpha)×marginal_difficulty)).
A15: Difficulty is always -LN(probability). No integer rounding or score scaling is applied in this workbook.
A17: Fixed-opportunity model: expected valid size-n spell opportunities inside an m-card window. Uses valid_count × COMBIN(total_cards-n,m-n) / COMBIN(total_cards,m).
A18: Bounded P≥1 estimate: 1 - EXP(-expected opportunities). This gives a comparable probability-like value for -LN difficulty.
A19: Combined fixed model: log-space blend. Combined difficulty = alpha×fixed-opportunity difficulty + (1-alpha)×marginal-build difficulty.
A20: Use Final_Fixed_Tables for current comparisons. Final_Tables preserves the older exact-size raw model for reference.

Sheet Raw_Model
A1: Deck | B1: Energies E | C1: Size n | D1: Total cards N | E1: All n-card subsets | F1: Conj count | G1: Conj prob | H1: Trans count | I1: Trans prob | J1: PT count | K1: PT prob | L1: Ench count | M1: Ench prob | N1: Conj diff | O1: Trans diff | P1: PT diff | Q1: Ench diff
A2: 1 | B2: =Inputs!$B$5 -> 4 | C2: 3 | D2: =B2*Inputs!$B$4 -> 60 | E2: =COMBIN(D2,C2) -> 34220 | F2: =B2*COMBIN(Inputs!$B$4,C2) -> 1820 | G2: =F2/E2 -> 0.053185272 | H2: =(Inputs!$B$4-C2+1)*POWER(B2,C2) -> 832 | I2: =H2/E2 -> 0.024313267 | J2: =B2*(Inputs!$B$4-C2+1) -> 52 | K2: =J2/E2 -> 0.0015195792 | L2: =IF(C2<=B2,Inputs!$B$4*COMBIN(B2,C2),"") -> 60 | M2: =IF(L2="","",L2/E2) -> 0.0017533606 | N2: =-LN(G2) -> 2.9339738 | O2: =-LN(I2) -> 3.7167331 | P2: =-LN(K2) -> 6.4893218 | Q2: =IF(M2="","",-LN(M2)) -> 6.346221
A3: 1 | B3: =Inputs!$B$5 -> 4 | C3: 4 | D3: =B3*Inputs!$B$4 -> 60 | E3: =COMBIN(D3,C3) -> 487635 | F3: =B3*COMBIN(Inputs!$B$4,C3) -> 5460 | G3: =F3/E3 -> 0.011196899 | H3: =(Inputs!$B$4-C3+1)*POWER(B3,C3) -> 3072 | I3: =H3/E3 -> 0.0062997939 | J3: =B3*(Inputs!$B$4-C3+1) -> 48 | K3: =J3/E3 -> 9.843428e-05 | L3: =IF(C3<=B3,Inputs!$B$4*COMBIN(B3,C3),"") -> 15 | M3: =IF(L3="","",L3/E3) -> 3.0760712e-05 | N3: =-LN(G3) -> 4.4921184 | O3: =-LN(I3) -> 5.0672384 | P3: =-LN(K3) -> 9.2261214 | Q3: =IF(M3="","",-LN(M3)) -> 10.389272
A4: 1 | B4: =Inputs!$B$5 -> 4 | C4: 5 | D4: =B4*Inputs!$B$4 -> 60 | E4: =COMBIN(D4,C4) -> 5461512 | F4: =B4*COMBIN(Inputs!$B$4,C4) -> 12012 | G4: =F4/E4 -> 0.0021993909 | H4: =(Inputs!$B$4-C4+1)*POWER(B4,C4) -> 11264 | I4: =H4/E4 -> 0.0020624325 | J4: =B4*(Inputs!$B$4-C4+1) -> 44 | K4: =J4/E4 -> 8.0563771e-06 | L4: =IF(C4<=B4,Inputs!$B$4*COMBIN(B4,C4),"") | M4: =IF(L4="","",L4/E4) | N4: =-LN(G4) -> 6.1195748 | O4: =-LN(I4) -> 6.1838692 | P4: =-LN(K4) -> 11.729047 | Q4: =IF(M4="","",-LN(M4))
A5: 1 | B5: =Inputs!$B$5 -> 4 | C5: 6 | D5: =B5*Inputs!$B$4 -> 60 | E5: =COMBIN(D5,C5) -> 50063860 | F5: =B5*COMBIN(Inputs!$B$4,C5) -> 20020 | G5: =F5/E5 -> 0.00039988926 | H5: =(Inputs!$B$4-C5+1)*POWER(B5,C5) -> 40960 | I5: =H5/E5 -> 0.00081815505 | J5: =B5*(Inputs!$B$4-C5+1) -> 40 | K5: =J5/E5 -> 7.9897954e-07 | L5: =IF(C5<=B5,Inputs!$B$4*COMBIN(B5,C5),"") | M5: =IF(L5="","",L5/E5) | N5: =-LN(G5) -> 7.8243229 | O5: =-LN(I5) -> 7.1084587 | P5: =-LN(K5) -> 14.03993 | Q5: =IF(M5="","",-LN(M5))
A6: 1 | B6: =Inputs!$B$5 -> 4 | C6: 7 | D6: =B6*Inputs!$B$4 -> 60 | E6: =COMBIN(D6,C6) -> 3.8620692e+08 | F6: =B6*COMBIN(Inputs!$B$4,C6) -> 25740 | G6: =F6/E6 -> 6.664821e-05 | H6: =(Inputs!$B$4-C6+1)*POWER(B6,C6) -> 147456 | I6: =H6/E6 -> 0.00038180569 | J6: =B6*(Inputs!$B$4-C6+1) -> 36 | K6: =J6/E6 -> 9.321428e-08 | L6: =IF(C6<=B6,Inputs!$B$4*COMBIN(B6,C6),"") | M6: =IF(L6="","",L6/E6) | N6: =-LN(G6) -> 9.6160824 | O6: =-LN(I6) -> 7.8705987 | P6: =-LN(K6) -> 16.188365 | Q6: =IF(M6="","",-LN(M6))
A7: 1 | B7: =Inputs!$B$5 -> 4 | C7: 8 | D7: =B7*Inputs!$B$4 -> 60 | E7: =COMBIN(D7,C7) -> 2.5586208e+09 | F7: =B7*COMBIN(Inputs!$B$4,C7) -> 25740 | G7: =F7/E7 -> 1.0060107e-05 | H7: =(Inputs!$B$4-C7+1)*POWER(B7,C7) -> 524288 | I7: =H7/E7 -> 0.00020491039 | J7: =B7*(Inputs!$B$4-C7+1) -> 32 | K7: =J7/E7 -> 1.2506738e-08 | L7: =IF(C7<=B7,Inputs!$B$4*COMBIN(B7,C7),"") | M7: =IF(L7="","",L7/E7) | N7: =-LN(G7) -> 11.506933 | O7: =-LN(I7) -> 8.4929378 | P7: =-LN(K7) -> 18.196998 | Q7: =IF(M7="","",-LN(M7))
A8: 1 | B8: =Inputs!$B$5 -> 4 | C8: 9 | D8: =B8*Inputs!$B$4 -> 60 | E8: =COMBIN(D8,C8) -> 1.4783143e+10 | F8: =B8*COMBIN(Inputs!$B$4,C8) -> 20020 | G8: =F8/E8 -> 1.3542452e-06 | H8: =(Inputs!$B$4-C8+1)*POWER(B8,C8) -> 1835008 | I8: =H8/E8 -> 0.00012412841 | J8: =B8*(Inputs!$B$4-C8+1) -> 28 | K8: =J8/E8 -> 1.8940492e-09 | L8: =IF(C8<=B8,Inputs!$B$4*COMBIN(B8,C8),"") | M8: =IF(L8="","",L8/E8) | N8: =-LN(G8) -> 13.512266 | O8: =-LN(I8) -> 8.994194 | P8: =-LN(K8) -> 20.084549 | Q8: =IF(M8="","",-LN(M8))
A9: 1 | B9: =Inputs!$B$5 -> 4 | C9: 10 | D9: =B9*Inputs!$B$4 -> 60 | E9: =COMBIN(D9,C9) -> 75394027566 | F9: =B9*COMBIN(Inputs!$B$4,C9) -> 12012 | G9: =F9/E9 -> 1.5932296e-07 | H9: =(Inputs!$B$4-C9+1)*POWER(B9,C9) -> 6291456 | I9: =H9/E9 -> 8.3447671e-05 | J9: =B9*(Inputs!$B$4-C9+1) -> 24 | K9: =J9/E9 -> 3.183276e-10 | L9: =IF(C9<=B9,Inputs!$B$4*COMBIN(B9,C9),"") | M9: =IF(L9="","",L9/E9) | N9: =-LN(G9) -> 15.652332 | O9: =-LN(I9) -> 9.3912908 | P9: =-LN(K9) -> 21.86794 | Q9: =IF(M9="","",-LN(M9))
A10: 1 | B10: =Inputs!$B$5 -> 4 | C10: 11 | D10: =B10*Inputs!$B$4 -> 60 | E10: =COMBIN(D10,C10) -> 342700125300 | F10: =B10*COMBIN(Inputs!$B$4,C10) -> 5460 | G10: =F10/E10 -> 1.5932296e-08 | H10: =(Inputs!$B$4-C10+1)*POWER(B10,C10) -> 20971520 | I10: =H10/E10 -> 6.1194959e-05 | J10: =B10*(Inputs!$B$4-C10+1) -> 20 | K10: =J10/E10 -> 5.836006e-11 | L10: =IF(C10<=B10,Inputs!$B$4*COMBIN(B10,C10),"") | M10: =IF(L10="","",L10/E10) | N10: =-LN(G10) -> 17.954918 | O10: =-LN(I10) -> 9.7014457 | P10: =-LN(K10) -> 23.564389 | Q10: =IF(M10="","",-LN(M10))
A11: 1 | B11: =Inputs!$B$5 -> 4 | C11: 12 | D11: =B11*Inputs!$B$4 -> 60 | E11: =COMBIN(D11,C11) -> 1.3993588e+12 | F11: =B11*COMBIN(Inputs!$B$4,C11) -> 1820 | G11: =F11/E11 -> 1.3005956e-09 | H11: =(Inputs!$B$4-C11+1)*POWER(B11,C11) -> 67108864 | I11: =H11/E11 -> 4.7956866e-05 | J11: =B11*(Inputs!$B$4-C11+1) -> 16 | K11: =J11/E11 -> 1.1433808e-11 | L11: =IF(C11<=B11,Inputs!$B$4*COMBIN(B11,C11),"") | M11: =IF(L11="","",L11/E11) | N11: =-LN(G11) -> 20.460443 | O11: =-LN(I11) -> 9.9452086 | P11: =-LN(K11) -> 25.194447 | Q11: =IF(M11="","",-LN(M11))
A12: 1 | B12: =Inputs!$B$5 -> 4 | C12: 13 | D12: =B12*Inputs!$B$4 -> 60 | E12: =COMBIN(D12,C12) -> 5.1668634e+12 | F12: =B12*COMBIN(Inputs!$B$4,C12) -> 420 | G12: =F12/E12 -> 8.1287227e-11 | H12: =(Inputs!$B$4-C12+1)*POWER(B12,C12) -> 201326592 | I12: =H12/E12 -> 3.8964953e-05 | J12: =B12*(Inputs!$B$4-C12+1) -> 12 | K12: =J12/E12 -> 2.3224922e-12 | L12: =IF(C12<=B12,Inputs!$B$4*COMBIN(B12,C12),"") | M12: =IF(L12="","",L12/E12) | N12: =-LN(G12) -> 23.233032 | O12: =-LN(I12) -> 10.152848 | P12: =-LN(K12) -> 26.78838 | Q12: =IF(M12="","",-LN(M12))
A13: 1 | B13: =Inputs!$B$5 -> 4 | C13: 14 | D13: =B13*Inputs!$B$4 -> 60 | E13: =COMBIN(D13,C13) -> 17345898649800 | F13: =B13*COMBIN(Inputs!$B$4,C13) -> 60 | G13: =F13/E13 -> 3.4590309e-12 | H13: =(Inputs!$B$4-C13+1)*POWER(B13,C13) -> 536870912 | I13: =H13/E13 -> 3.0950885e-05 | J13: =B13*(Inputs!$B$4-C13+1) -> 8 | K13: =J13/E13 -> 4.6120412e-13 | L13: =IF(C13<=B13,Inputs!$B$4*COMBIN(B13,C13),"") | M13: =IF(L13="","",L13/E13) | N13: =-LN(G13) -> 26.390033 | O13: =-LN(I13) -> 10.383109 | P13: =-LN(K13) -> 28.404936 | Q13: =IF(M13="","",-LN(M13))
A14: 1 | B14: =Inputs!$B$5 -> 4 | C14: 15 | D14: =B14*Inputs!$B$4 -> 60 | E14: =COMBIN(D14,C14) -> 5.3194089e+13 | F14: =B14*COMBIN(Inputs!$B$4,C14) -> 4 | G14: =F14/E14 -> 7.5196325e-14 | H14: =(Inputs!$B$4-C14+1)*POWER(B14,C14) -> 1073741824 | I14: =H14/E14 -> 2.018536e-05 | J14: =B14*(Inputs!$B$4-C14+1) -> 4 | K14: =J14/E14 -> 7.5196325e-14 | L14: =IF(C14<=B14,Inputs!$B$4*COMBIN(B14,C14),"") | M14: =IF(L14="","",L14/E14) | N14: =-LN(G14) -> 30.218674 | O14: =-LN(I14) -> 10.810553 | P14: =-LN(K14) -> 30.218674 | Q14: =IF(M14="","",-LN(M14))
A15: 2 | B15: =Inputs!$B$6 -> 5 | C15: 3 | D15: =B15*Inputs!$B$4 -> 75 | E15: =COMBIN(D15,C15) -> 67525 | F15: =B15*COMBIN(Inputs!$B$4,C15) -> 2275 | G15: =F15/E15 -> 0.033691225 | H15: =(Inputs!$B$4-C15+1)*POWER(B15,C15) -> 1625 | I15: =H15/E15 -> 0.024065161 | J15: =B15*(Inputs!$B$4-C15+1) -> 65 | K15: =J15/E15 -> 0.00096260644 | L15: =IF(C15<=B15,Inputs!$B$4*COMBIN(B15,C15),"") -> 150 | M15: =IF(L15="","",L15/E15) -> 0.0022213995 | N15: =-LN(G15) -> 3.3905178 | O15: =-LN(I15) -> 3.7269901 | P15: =-LN(K15) -> 6.9458659 | Q15: =IF(M15="","",-LN(M15)) -> 6.1096179
A16: 2 | B16: =Inputs!$B$6 -> 5 | C16: 4 | D16: =B16*Inputs!$B$4 -> 75 | E16: =COMBIN(D16,C16) -> 1215450 | F16: =B16*COMBIN(Inputs!$B$4,C16) -> 6825 | G16: =F16/E16 -> 0.0056152042 | H16: =(Inputs!$B$4-C16+1)*POWER(B16,C16) -> 7500 | I16: =H16/E16 -> 0.0061705541 | J16: =B16*(Inputs!$B$4-C16+1) -> 60 | K16: =J16/E16 -> 4.9364433e-05 | L16: =IF(C16<=B16,Inputs!$B$4*COMBIN(B16,C16),"") -> 75 | M16: =IF(L16="","",L16/E16) -> 6.1705541e-05 | N16: =-LN(G16) -> 5.1822773 | O16: =-LN(I16) -> 5.0879666 | P16: =-LN(K16) -> 9.9162804 | Q16: =IF(M16="","",-LN(M16)) -> 9.6931368
A17: 2 | B17: =Inputs!$B$6 -> 5 | C17: 5 | D17: =B17*Inputs!$B$4 -> 75 | E17: =COMBIN(D17,C17) -> 17259390 | F17: =B17*COMBIN(Inputs!$B$4,C17) -> 15015 | G17: =F17/E17 -> 0.00086996122 | H17: =(Inputs!$B$4-C17+1)*POWER(B17,C17) -> 34375 | I17: =H17/E17 -> 0.0019916695 | J17: =B17*(Inputs!$B$4-C17+1) -> 55 | K17: =J17/E17 -> 3.1866711e-06 | L17: =IF(C17<=B17,Inputs!$B$4*COMBIN(B17,C17),"") -> 15 | M17: =IF(L17="","",L17/E17) -> 8.6909213e-07 | N17: =-LN(G17) -> 7.0470619 | O17: =-LN(I17) -> 6.2187821 | P17: =-LN(K17) -> 12.656534 | Q17: =IF(M17="","",-LN(M17)) -> 13.955817
A18: 2 | B18: =Inputs!$B$6 -> 5 | C18: 6 | D18: =B18*Inputs!$B$4 -> 75 | E18: =COMBIN(D18,C18) -> 201359550 | F18: =B18*COMBIN(Inputs!$B$4,C18) -> 25025 | G18: =F18/E18 -> 0.00012428017 | H18: =(Inputs!$B$4-C18+1)*POWER(B18,C18) -> 156250 | I18: =H18/E18 -> 0.00077597512 | J18: =B18*(Inputs!$B$4-C18+1) -> 50 | K18: =J18/E18 -> 2.4831204e-07 | L18: =IF(C18<=B18,Inputs!$B$4*COMBIN(B18,C18),"") | M18: =IF(L18="","",L18/E18) | N18: =-LN(G18) -> 8.9929721 | O18: =-LN(I18) -> 7.1613901 | P18: =-LN(K18) -> 15.20858 | Q18: =IF(M18="","",-LN(M18))
A19: 2 | B19: =Inputs!$B$6 -> 5 | C19: 7 | D19: =B19*Inputs!$B$4 -> 75 | E19: =COMBIN(D19,C19) -> 1984829850 | F19: =B19*COMBIN(Inputs!$B$4,C19) -> 32175 | G19: =F19/E19 -> 1.6210458e-05 | H19: =(Inputs!$B$4-C19+1)*POWER(B19,C19) -> 703125 | I19: =H19/E19 -> 0.00035424951 | J19: =B19*(Inputs!$B$4-C19+1) -> 45 | K19: =J19/E19 -> 2.2671969e-08 | L19: =IF(C19<=B19,Inputs!$B$4*COMBIN(B19,C19),"") | M19: =IF(L19="","",L19/E19) | N19: =-LN(G19) -> 11.029854 | O19: =-LN(I19) -> 7.9455091 | P19: =-LN(K19) -> 17.602137 | Q19: =IF(M19="","",-LN(M19))
A20: 2 | B20: =Inputs!$B$6 -> 5 | C20: 8 | D20: =B20*Inputs!$B$4 -> 75 | E20: =COMBIN(D20,C20) -> 16871053725 | F20: =B20*COMBIN(Inputs!$B$4,C20) -> 32175 | G20: =F20/E20 -> 1.9071127e-06 | H20: =(Inputs!$B$4-C20+1)*POWER(B20,C20) -> 3125000 | I20: =H20/E20 -> 0.0001852285 | J20: =B20*(Inputs!$B$4-C20+1) -> 40 | K20: =J20/E20 -> 2.3709248e-09 | L20: =IF(C20<=B20,Inputs!$B$4*COMBIN(B20,C20),"") | M20: =IF(L20="","",L20/E20) | N20: =-LN(G20) -> 13.16992 | O20: =-LN(I20) -> 8.5939204 | P20: =-LN(K20) -> 19.859986 | Q20: =IF(M20="","",-LN(M20))
A21: 2 | B21: =Inputs!$B$6 -> 5 | C21: 9 | D21: =B21*Inputs!$B$4 -> 75 | E21: =COMBIN(D21,C21) -> 125595622175 | F21: =B21*COMBIN(Inputs!$B$4,C21) -> 25025 | G21: =F21/E21 -> 1.9925058e-07 | H21: =(Inputs!$B$4-C21+1)*POWER(B21,C21) -> 13671875 | I21: =H21/E21 -> 0.0001088563 | J21: =B21*(Inputs!$B$4-C21+1) -> 35 | K21: =J21/E21 -> 2.7867213e-10 | L21: =IF(C21<=B21,Inputs!$B$4*COMBIN(B21,C21),"") | M21: =IF(L21="","",L21/E21) | N21: =-LN(G21) -> 15.428703 | O21: =-LN(I21) -> 9.1254819 | P21: =-LN(K21) -> 22.000985 | Q21: =IF(M21="","",-LN(M21))
A22: 2 | B22: =Inputs!$B$6 -> 5 | C22: 10 | D22: =B22*Inputs!$B$4 -> 75 | E22: =COMBIN(D22,C22) -> 828931106355 | F22: =B22*COMBIN(Inputs!$B$4,C22) -> 15015 | G22: =F22/E22 -> 1.8113689e-08 | H22: =(Inputs!$B$4-C22+1)*POWER(B22,C22) -> 58593750 | I22: =H22/E22 -> 7.0685911e-05 | J22: =B22*(Inputs!$B$4-C22+1) -> 30 | K22: =J22/E22 -> 3.6191186e-11 | L22: =IF(C22<=B22,Inputs!$B$4*COMBIN(B22,C22),"") | M22: =IF(L22="","",L22/E22) | N22: =-LN(G22) -> 17.826598 | O22: =-LN(I22) -> 9.5572643 | P22: =-LN(K22) -> 24.042206 | Q22: =IF(M22="","",-LN(M22))
A23: 2 | B23: =Inputs!$B$6 -> 5 | C23: 11 | D23: =B23*Inputs!$B$4 -> 75 | E23: =COMBIN(D23,C23) -> 4898229264825 | F23: =B23*COMBIN(Inputs!$B$4,C23) -> 6825 | G23: =F23/E23 -> 1.3933607e-09 | H23: =(Inputs!$B$4-C23+1)*POWER(B23,C23) -> 244140625 | I23: =H23/E23 -> 4.9842629e-05 | J23: =B23*(Inputs!$B$4-C23+1) -> 25 | K23: =J23/E23 -> 5.1038852e-12 | L23: =IF(C23<=B23,Inputs!$B$4*COMBIN(B23,C23),"") | M23: =IF(L23="","",L23/E23) | N23: =-LN(G23) -> 20.391547 | O23: =-LN(I23) -> 9.9066399 | P23: =-LN(K23) -> 26.001019 | Q23: =IF(M23="","",-LN(M23))
A24: 2 | B24: =Inputs!$B$6 -> 5 | C24: 12 | D24: =B24*Inputs!$B$4 -> 75 | E24: =COMBIN(D24,C24) -> 2.6123889e+13 | F24: =B24*COMBIN(Inputs!$B$4,C24) -> 2275 | G24: =F24/E24 -> 8.7085042e-11 | H24: =(Inputs!$B$4-C24+1)*POWER(B24,C24) -> 976562500 | I24: =H24/E24 -> 3.7381972e-05 | J24: =B24*(Inputs!$B$4-C24+1) -> 20 | K24: =J24/E24 -> 7.6558278e-13 | L24: =IF(C24<=B24,Inputs!$B$4*COMBIN(B24,C24),"") | M24: =IF(L24="","",L24/E24) | N24: =-LN(G24) -> 23.164136 | O24: =-LN(I24) -> 10.194322 | P24: =-LN(K24) -> 27.898139 | Q24: =IF(M24="","",-LN(M24))
A25: 2 | B25: =Inputs!$B$6 -> 5 | C25: 13 | D25: =B25*Inputs!$B$4 -> 75 | E25: =COMBIN(D25,C25) -> 1.2660039e+14 | F25: =B25*COMBIN(Inputs!$B$4,C25) -> 525 | G25: =F25/E25 -> 4.1469067e-12 | H25: =(Inputs!$B$4-C25+1)*POWER(B25,C25) -> 3662109375 | I25: =H25/E25 -> 2.8926526e-05 | J25: =B25*(Inputs!$B$4-C25+1) -> 15 | K25: =J25/E25 -> 1.1848305e-13 | L25: =IF(C25<=B25,Inputs!$B$4*COMBIN(B25,C25),"") | M25: =IF(L25="","",L25/E25) | N25: =-LN(G25) -> 26.208658 | O25: =-LN(I25) -> 10.450752 | P25: =-LN(K25) -> 29.764006 | Q25: =IF(M25="","",-LN(M25))
A26: 2 | B26: =Inputs!$B$6 -> 5 | C26: 14 | D26: =B26*Inputs!$B$4 -> 75 | E26: =COMBIN(D26,C26) -> 560658857389200 | F26: =B26*COMBIN(Inputs!$B$4,C26) -> 75 | G26: =F26/E26 -> 1.3377119e-13 | H26: =(Inputs!$B$4-C26+1)*POWER(B26,C26) -> 12207031250 | I26: =H26/E26 -> 2.1772654e-05 | J26: =B26*(Inputs!$B$4-C26+1) -> 10 | K26: =J26/E26 -> 1.7836158e-14 | L26: =IF(C26<=B26,Inputs!$B$4*COMBIN(B26,C26),"") | M26: =IF(L26="","",L26/E26) | N26: =-LN(G26) -> 29.642646 | O26: =-LN(I26) -> 10.734856 | P26: =-LN(K26) -> 31.657549 | Q26: =IF(M26="","",-LN(M26))
A27: 2 | B27: =Inputs!$B$6 -> 5 | C27: 15 | D27: =B27*Inputs!$B$4 -> 75 | E27: =COMBIN(D27,C27) -> 2.2800127e+15 | F27: =B27*COMBIN(Inputs!$B$4,C27) -> 5 | G27: =F27/E27 -> 2.1929703e-15 | H27: =(Inputs!$B$4-C27+1)*POWER(B27,C27) -> 30517578125 | I27: =H27/E27 -> 1.3384828e-05 | J27: =B27*(Inputs!$B$4-C27+1) -> 5 | K27: =J27/E27 -> 2.1929703e-15 | L27: =IF(C27<=B27,Inputs!$B$4*COMBIN(B27,C27),"") | M27: =IF(L27="","",L27/E27) | N27: =-LN(G27) -> 33.753519 | O27: =-LN(I27) -> 11.221389 | P27: =-LN(K27) -> 33.753519 | Q27: =IF(M27="","",-LN(M27))

Sheet Marginal_Model
A1: Deck | B1: Energies E | C1: Final size n | D1: Total cards N | E1: Prev size k | F1: Ext prob C | G1: Ext prob T | H1: Ext prob PT | I1: Ext prob Ench | J1: Build prob C | K1: Build prob T | L1: Build prob PT | M1: Build prob Ench | N1: Build diff C | O1: Build diff T | P1: Build diff PT | Q1: Build diff Ench
A2: 1 | B2: =Inputs!$B$5 -> 4 | C2: 3 | D2: =B2*Inputs!$B$4 -> 60 | E2: =IF(C2=3,"",C2-1) | F2: =IF(C2=3,1,(Inputs!$B$4-(C2-1))/(D2-(C2-1))) -> 1 | G2: =IF(C2=3,1,((MAX(Inputs!$B$4-(C2-1)-1,0)*2*B2)+(2*B2))/((Inputs!$B$4-(C2-1)+1)*(D2-(C2-1)))) -> 1 | H2: =IF(C2=3,1,((MAX(Inputs!$B$4-(C2-1)-1,0)*2)+(2))/((Inputs!$B$4-(C2-1)+1)*(D2-(C2-1)))) -> 1 | I2: =IF(C2=3,1,IF((C2-1)<B2,(B2-(C2-1))/(D2-(C2-1)),"")) -> 1 | J2: =IF(C2=3,B2*COMBIN(Inputs!$B$4,3)/COMBIN(D2,3),J1*F2) -> 0.053185272 | K2: =IF(C2=3,(Inputs!$B$4-3+1)*POWER(B2,3)/COMBIN(D2,3),K1*G2) -> 0.024313267 | L2: =IF(C2=3,B2*(Inputs!$B$4-3+1)/COMBIN(D2,3),L1*H2) -> 0.0015195792 | M2: =IF(C2=3,IF(3<=B2,Inputs!$B$4*COMBIN(B2,3)/COMBIN(D2,3),""),IF(I2="","",M1*I2)) -> 0.0017533606 | N2: =-LN(J2) -> 2.9339738 | O2: =-LN(K2) -> 3.7167331 | P2: =-LN(L2) -> 6.4893218 | Q2: =IF(M2="","",-LN(M2)) -> 6.346221
A3: 1 | B3: =Inputs!$B$5 -> 4 | C3: 4 | D3: =B3*Inputs!$B$4 -> 60 | E3: =IF(C3=3,"",C3-1) -> 3 | F3: =IF(C3=3,1,(Inputs!$B$4-(C3-1))/(D3-(C3-1))) -> 0.21052632 | G3: =IF(C3=3,1,((MAX(Inputs!$B$4-(C3-1)-1,0)*2*B3)+(2*B3))/((Inputs!$B$4-(C3-1)+1)*(D3-(C3-1)))) -> 0.12955466 | H3: =IF(C3=3,1,((MAX(Inputs!$B$4-(C3-1)-1,0)*2)+(2))/((Inputs!$B$4-(C3-1)+1)*(D3-(C3-1)))) -> 0.032388664 | I3: =IF(C3=3,1,IF((C3-1)<B3,(B3-(C3-1))/(D3-(C3-1)),"")) -> 0.01754386 | J3: =IF(C3=3,B3*COMBIN(Inputs!$B$4,3)/COMBIN(D3,3),J2*F3) -> 0.011196899 | K3: =IF(C3=3,(Inputs!$B$4-3+1)*POWER(B3,3)/COMBIN(D3,3),K2*G3) -> 0.003149897 | L3: =IF(C3=3,B3*(Inputs!$B$4-3+1)/COMBIN(D3,3),L2*H3) -> 4.921714e-05 | M3: =IF(C3=3,IF(3<=B3,Inputs!$B$4*COMBIN(B3,3)/COMBIN(D3,3),""),IF(I3="","",M2*I3)) -> 3.0760712e-05 | N3: =-LN(J3) -> 4.4921184 | O3: =-LN(K3) -> 5.7603855 | P3: =-LN(L3) -> 9.9192686 | Q3: =IF(M3="","",-LN(M3)) -> 10.389272
A4: 1 | B4: =Inputs!$B$5 -> 4 | C4: 5 | D4: =B4*Inputs!$B$4 -> 60 | E4: =IF(C4=3,"",C4-1) -> 4 | F4: =IF(C4=3,1,(Inputs!$B$4-(C4-1))/(D4-(C4-1))) -> 0.19642857 | G4: =IF(C4=3,1,((MAX(Inputs!$B$4-(C4-1)-1,0)*2*B4)+(2*B4))/((Inputs!$B$4-(C4-1)+1)*(D4-(C4-1)))) -> 0.13095238 | H4: =IF(C4=3,1,((MAX(Inputs!$B$4-(C4-1)-1,0)*2)+(2))/((Inputs!$B$4-(C4-1)+1)*(D4-(C4-1)))) -> 0.032738095 | I4: =IF(C4=3,1,IF((C4-1)<B4,(B4-(C4-1))/(D4-(C4-1)),"")) | J4: =IF(C4=3,B4*COMBIN(Inputs!$B$4,3)/COMBIN(D4,3),J3*F4) -> 0.0021993909 | K4: =IF(C4=3,(Inputs!$B$4-3+1)*POWER(B4,3)/COMBIN(D4,3),K3*G4) -> 0.00041248651 | L4: =IF(C4=3,B4*(Inputs!$B$4-3+1)/COMBIN(D4,3),L3*H4) -> 1.6112754e-06 | M4: =IF(C4=3,IF(3<=B4,Inputs!$B$4*COMBIN(B4,3)/COMBIN(D4,3),""),IF(I4="","",M3*I4)) | N4: =-LN(J4) -> 6.1195748 | O4: =-LN(K4) -> 7.7933071 | P4: =-LN(L4) -> 13.338485 | Q4: =IF(M4="","",-LN(M4))
A5: 1 | B5: =Inputs!$B$5 -> 4 | C5: 6 | D5: =B5*Inputs!$B$4 -> 60 | E5: =IF(C5=3,"",C5-1) -> 5 | F5: =IF(C5=3,1,(Inputs!$B$4-(C5-1))/(D5-(C5-1))) -> 0.18181818 | G5: =IF(C5=3,1,((MAX(Inputs!$B$4-(C5-1)-1,0)*2*B5)+(2*B5))/((Inputs!$B$4-(C5-1)+1)*(D5-(C5-1)))) -> 0.1322314 | H5: =IF(C5=3,1,((MAX(Inputs!$B$4-(C5-1)-1,0)*2)+(2))/((Inputs!$B$4-(C5-1)+1)*(D5-(C5-1)))) -> 0.033057851 | I5: =IF(C5=3,1,IF((C5-1)<B5,(B5-(C5-1))/(D5-(C5-1)),"")) | J5: =IF(C5=3,B5*COMBIN(Inputs!$B$4,3)/COMBIN(D5,3),J4*F5) -> 0.00039988926 | K5: =IF(C5=3,(Inputs!$B$4-3+1)*POWER(B5,3)/COMBIN(D5,3),K4*G5) -> 5.454367e-05 | L5: =IF(C5=3,B5*(Inputs!$B$4-3+1)/COMBIN(D5,3),L4*H5) -> 5.3265303e-08 | M5: =IF(C5=3,IF(3<=B5,Inputs!$B$4*COMBIN(B5,3)/COMBIN(D5,3),""),IF(I5="","",M4*I5)) | N5: =-LN(J5) -> 7.8243229 | O5: =-LN(K5) -> 9.8165089 | P5: =-LN(L5) -> 16.747981 | Q5: =IF(M5="","",-LN(M5))
A6: 1 | B6: =Inputs!$B$5 -> 4 | C6: 7 | D6: =B6*Inputs!$B$4 -> 60 | E6: =IF(C6=3,"",C6-1) -> 6 | F6: =IF(C6=3,1,(Inputs!$B$4-(C6-1))/(D6-(C6-1))) -> 0.16666667 | G6: =IF(C6=3,1,((MAX(Inputs!$B$4-(C6-1)-1,0)*2*B6)+(2*B6))/((Inputs!$B$4-(C6-1)+1)*(D6-(C6-1)))) -> 0.13333333 | H6: =IF(C6=3,1,((MAX(Inputs!$B$4-(C6-1)-1,0)*2)+(2))/((Inputs!$B$4-(C6-1)+1)*(D6-(C6-1)))) -> 0.033333333 | I6: =IF(C6=3,1,IF((C6-1)<B6,(B6-(C6-1))/(D6-(C6-1)),"")) | J6: =IF(C6=3,B6*COMBIN(Inputs!$B$4,3)/COMBIN(D6,3),J5*F6) -> 6.664821e-05 | K6: =IF(C6=3,(Inputs!$B$4-3+1)*POWER(B6,3)/COMBIN(D6,3),K5*G6) -> 7.2724894e-06 | L6: =IF(C6=3,B6*(Inputs!$B$4-3+1)/COMBIN(D6,3),L5*H6) -> 1.7755101e-09 | M6: =IF(C6=3,IF(3<=B6,Inputs!$B$4*COMBIN(B6,3)/COMBIN(D6,3),""),IF(I6="","",M5*I6)) | N6: =-LN(J6) -> 9.6160824 | O6: =-LN(K6) -> 11.831412 | P6: =-LN(L6) -> 20.149178 | Q6: =IF(M6="","",-LN(M6))
A7: 1 | B7: =Inputs!$B$5 -> 4 | C7: 8 | D7: =B7*Inputs!$B$4 -> 60 | E7: =IF(C7=3,"",C7-1) -> 7 | F7: =IF(C7=3,1,(Inputs!$B$4-(C7-1))/(D7-(C7-1))) -> 0.1509434 | G7: =IF(C7=3,1,((MAX(Inputs!$B$4-(C7-1)-1,0)*2*B7)+(2*B7))/((Inputs!$B$4-(C7-1)+1)*(D7-(C7-1)))) -> 0.13417191 | H7: =IF(C7=3,1,((MAX(Inputs!$B$4-(C7-1)-1,0)*2)+(2))/((Inputs!$B$4-(C7-1)+1)*(D7-(C7-1)))) -> 0.033542977 | I7: =IF(C7=3,1,IF((C7-1)<B7,(B7-(C7-1))/(D7-(C7-1)),"")) | J7: =IF(C7=3,B7*COMBIN(Inputs!$B$4,3)/COMBIN(D7,3),J6*F7) -> 1.0060107e-05 | K7: =IF(C7=3,(Inputs!$B$4-3+1)*POWER(B7,3)/COMBIN(D7,3),K6*G7) -> 9.7576377e-07 | L7: =IF(C7=3,B7*(Inputs!$B$4-3+1)/COMBIN(D7,3),L6*H7) -> 5.9555894e-11 | M7: =IF(C7=3,IF(3<=B7,Inputs!$B$4*COMBIN(B7,3)/COMBIN(D7,3),""),IF(I7="","",M6*I7)) | N7: =-LN(J7) -> 11.506933 | O7: =-LN(K7) -> 13.840045 | P7: =-LN(L7) -> 23.544106 | Q7: =IF(M7="","",-LN(M7))
A8: 1 | B8: =Inputs!$B$5 -> 4 | C8: 9 | D8: =B8*Inputs!$B$4 -> 60 | E8: =IF(C8=3,"",C8-1) -> 8 | F8: =IF(C8=3,1,(Inputs!$B$4-(C8-1))/(D8-(C8-1))) -> 0.13461538 | G8: =IF(C8=3,1,((MAX(Inputs!$B$4-(C8-1)-1,0)*2*B8)+(2*B8))/((Inputs!$B$4-(C8-1)+1)*(D8-(C8-1)))) -> 0.13461538 | H8: =IF(C8=3,1,((MAX(Inputs!$B$4-(C8-1)-1,0)*2)+(2))/((Inputs!$B$4-(C8-1)+1)*(D8-(C8-1)))) -> 0.033653846 | I8: =IF(C8=3,1,IF((C8-1)<B8,(B8-(C8-1))/(D8-(C8-1)),"")) | J8: =IF(C8=3,B8*COMBIN(Inputs!$B$4,3)/COMBIN(D8,3),J7*F8) -> 1.3542452e-06 | K8: =IF(C8=3,(Inputs!$B$4-3+1)*POWER(B8,3)/COMBIN(D8,3),K7*G8) -> 1.3135282e-07 | L8: =IF(C8=3,B8*(Inputs!$B$4-3+1)/COMBIN(D8,3),L7*H8) -> 2.0042849e-12 | M8: =IF(C8=3,IF(3<=B8,Inputs!$B$4*COMBIN(B8,3)/COMBIN(D8,3),""),IF(I8="","",M7*I8)) | N8: =-LN(J8) -> 13.512266 | O8: =-LN(K8) -> 15.845379 | P8: =-LN(L8) -> 26.935734 | Q8: =IF(M8="","",-LN(M8))
A9: 1 | B9: =Inputs!$B$5 -> 4 | C9: 10 | D9: =B9*Inputs!$B$4 -> 60 | E9: =IF(C9=3,"",C9-1) -> 9 | F9: =IF(C9=3,1,(Inputs!$B$4-(C9-1))/(D9-(C9-1))) -> 0.11764706 | G9: =IF(C9=3,1,((MAX(Inputs!$B$4-(C9-1)-1,0)*2*B9)+(2*B9))/((Inputs!$B$4-(C9-1)+1)*(D9-(C9-1)))) -> 0.13445378 | H9: =IF(C9=3,1,((MAX(Inputs!$B$4-(C9-1)-1,0)*2)+(2))/((Inputs!$B$4-(C9-1)+1)*(D9-(C9-1)))) -> 0.033613445 | I9: =IF(C9=3,1,IF((C9-1)<B9,(B9-(C9-1))/(D9-(C9-1)),"")) | J9: =IF(C9=3,B9*COMBIN(Inputs!$B$4,3)/COMBIN(D9,3),J8*F9) -> 1.5932296e-07 | K9: =IF(C9=3,(Inputs!$B$4-3+1)*POWER(B9,3)/COMBIN(D9,3),K8*G9) -> 1.7660883e-08 | L9: =IF(C9=3,B9*(Inputs!$B$4-3+1)/COMBIN(D9,3),L8*H9) -> 6.7370921e-14 | M9: =IF(C9=3,IF(3<=B9,Inputs!$B$4*COMBIN(B9,3)/COMBIN(D9,3),""),IF(I9="","",M8*I9)) | N9: =-LN(J9) -> 15.652332 | O9: =-LN(K9) -> 17.851914 | P9: =-LN(L9) -> 30.328563 | Q9: =IF(M9="","",-LN(M9))
A10: 1 | B10: =Inputs!$B$5 -> 4 | C10: 11 | D10: =B10*Inputs!$B$4 -> 60 | E10: =IF(C10=3,"",C10-1) -> 10 | F10: =IF(C10=3,1,(Inputs!$B$4-(C10-1))/(D10-(C10-1))) -> 0.1 | G10: =IF(C10=3,1,((MAX(Inputs!$B$4-(C10-1)-1,0)*2*B10)+(2*B10))/((Inputs!$B$4-(C10-1)+1)*(D10-(C10-1)))) -> 0.13333333 | H10: =IF(C10=3,1,((MAX(Inputs!$B$4-(C10-1)-1,0)*2)+(2))/((Inputs!$B$4-(C10-1)+1)*(D10-(C10-1)))) -> 0.033333333 | I10: =IF(C10=3,1,IF((C10-1)<B10,(B10-(C10-1))/(D10-(C10-1)),"")) | J10: =IF(C10=3,B10*COMBIN(Inputs!$B$4,3)/COMBIN(D10,3),J9*F10) -> 1.5932296e-08 | K10: =IF(C10=3,(Inputs!$B$4-3+1)*POWER(B10,3)/COMBIN(D10,3),K9*G10) -> 2.3547844e-09 | L10: =IF(C10=3,B10*(Inputs!$B$4-3+1)/COMBIN(D10,3),L9*H10) -> 2.2456974e-15 | M10: =IF(C10=3,IF(3<=B10,Inputs!$B$4*COMBIN(B10,3)/COMBIN(D10,3),""),IF(I10="","",M9*I10)) | N10: =-LN(J10) -> 17.954918 | O10: =-LN(K10) -> 19.866817 | P10: =-LN(L10) -> 33.72976 | Q10: =IF(M10="","",-LN(M10))
A11: 1 | B11: =Inputs!$B$5 -> 4 | C11: 12 | D11: =B11*Inputs!$B$4 -> 60 | E11: =IF(C11=3,"",C11-1) -> 11 | F11: =IF(C11=3,1,(Inputs!$B$4-(C11-1))/(D11-(C11-1))) -> 0.081632653 | G11: =IF(C11=3,1,((MAX(Inputs!$B$4-(C11-1)-1,0)*2*B11)+(2*B11))/((Inputs!$B$4-(C11-1)+1)*(D11-(C11-1)))) -> 0.13061224 | H11: =IF(C11=3,1,((MAX(Inputs!$B$4-(C11-1)-1,0)*2)+(2))/((Inputs!$B$4-(C11-1)+1)*(D11-(C11-1)))) -> 0.032653061 | I11: =IF(C11=3,1,IF((C11-1)<B11,(B11-(C11-1))/(D11-(C11-1)),"")) | J11: =IF(C11=3,B11*COMBIN(Inputs!$B$4,3)/COMBIN(D11,3),J10*F11) -> 1.3005956e-09 | K11: =IF(C11=3,(Inputs!$B$4-3+1)*POWER(B11,3)/COMBIN(D11,3),K10*G11) -> 3.0756367e-10 | L11: =IF(C11=3,B11*(Inputs!$B$4-3+1)/COMBIN(D11,3),L10*H11) -> 7.3328894e-17 | M11: =IF(C11=3,IF(3<=B11,Inputs!$B$4*COMBIN(B11,3)/COMBIN(D11,3),""),IF(I11="","",M10*I11)) | N11: =-LN(J11) -> 20.460443 | O11: =-LN(K11) -> 21.902339 | P11: =-LN(L11) -> 37.151577 | Q11: =IF(M11="","",-LN(M11))
A12: 1 | B12: =Inputs!$B$5 -> 4 | C12: 13 | D12: =B12*Inputs!$B$4 -> 60 | E12: =IF(C12=3,"",C12-1) -> 12 | F12: =IF(C12=3,1,(Inputs!$B$4-(C12-1))/(D12-(C12-1))) -> 0.0625 | G12: =IF(C12=3,1,((MAX(Inputs!$B$4-(C12-1)-1,0)*2*B12)+(2*B12))/((Inputs!$B$4-(C12-1)+1)*(D12-(C12-1)))) -> 0.125 | H12: =IF(C12=3,1,((MAX(Inputs!$B$4-(C12-1)-1,0)*2)+(2))/((Inputs!$B$4-(C12-1)+1)*(D12-(C12-1)))) -> 0.03125 | I12: =IF(C12=3,1,IF((C12-1)<B12,(B12-(C12-1))/(D12-(C12-1)),"")) | J12: =IF(C12=3,B12*COMBIN(Inputs!$B$4,3)/COMBIN(D12,3),J11*F12) -> 8.1287227e-11 | K12: =IF(C12=3,(Inputs!$B$4-3+1)*POWER(B12,3)/COMBIN(D12,3),K11*G12) -> 3.8445459e-11 | L12: =IF(C12=3,B12*(Inputs!$B$4-3+1)/COMBIN(D12,3),L11*H12) -> 2.2915279e-18 | M12: =IF(C12=3,IF(3<=B12,Inputs!$B$4*COMBIN(B12,3)/COMBIN(D12,3),""),IF(I12="","",M11*I12)) | N12: =-LN(J12) -> 23.233032 | O12: =-LN(K12) -> 23.981781 | P12: =-LN(L12) -> 40.617313 | Q12: =IF(M12="","",-LN(M12))
A13: 1 | B13: =Inputs!$B$5 -> 4 | C13: 14 | D13: =B13*Inputs!$B$4 -> 60 | E13: =IF(C13=3,"",C13-1) -> 13 | F13: =IF(C13=3,1,(Inputs!$B$4-(C13-1))/(D13-(C13-1))) -> 0.042553191 | G13: =IF(C13=3,1,((MAX(Inputs!$B$4-(C13-1)-1,0)*2*B13)+(2*B13))/((Inputs!$B$4-(C13-1)+1)*(D13-(C13-1)))) -> 0.11347518 | H13: =IF(C13=3,1,((MAX(Inputs!$B$4-(C13-1)-1,0)*2)+(2))/((Inputs!$B$4-(C13-1)+1)*(D13-(C13-1)))) -> 0.028368794 | I13: =IF(C13=3,1,IF((C13-1)<B13,(B13-(C13-1))/(D13-(C13-1)),"")) | J13: =IF(C13=3,B13*COMBIN(Inputs!$B$4,3)/COMBIN(D13,3),J12*F13) -> 3.4590309e-12 | K13: =IF(C13=3,(Inputs!$B$4-3+1)*POWER(B13,3)/COMBIN(D13,3),K12*G13) -> 4.3626053e-12 | L13: =IF(C13=3,B13*(Inputs!$B$4-3+1)/COMBIN(D13,3),L12*H13) -> 6.5007884e-20 | M13: =IF(C13=3,IF(3<=B13,Inputs!$B$4*COMBIN(B13,3)/COMBIN(D13,3),""),IF(I13="","",M12*I13)) | N13: =-LN(J13) -> 26.390033 | O13: =-LN(K13) -> 26.157952 | P13: =-LN(L13) -> 44.179778 | Q13: =IF(M13="","",-LN(M13))
A14: 1 | B14: =Inputs!$B$5 -> 4 | C14: 15 | D14: =B14*Inputs!$B$4 -> 60 | E14: =IF(C14=3,"",C14-1) -> 14 | F14: =IF(C14=3,1,(Inputs!$B$4-(C14-1))/(D14-(C14-1))) -> 0.02173913 | G14: =IF(C14=3,1,((MAX(Inputs!$B$4-(C14-1)-1,0)*2*B14)+(2*B14))/((Inputs!$B$4-(C14-1)+1)*(D14-(C14-1)))) -> 0.086956522 | H14: =IF(C14=3,1,((MAX(Inputs!$B$4-(C14-1)-1,0)*2)+(2))/((Inputs!$B$4-(C14-1)+1)*(D14-(C14-1)))) -> 0.02173913 | I14: =IF(C14=3,1,IF((C14-1)<B14,(B14-(C14-1))/(D14-(C14-1)),"")) | J14: =IF(C14=3,B14*COMBIN(Inputs!$B$4,3)/COMBIN(D14,3),J13*F14) -> 7.5196325e-14 | K14: =IF(C14=3,(Inputs!$B$4-3+1)*POWER(B14,3)/COMBIN(D14,3),K13*G14) -> 3.7935698e-13 | L14: =IF(C14=3,B14*(Inputs!$B$4-3+1)/COMBIN(D14,3),L13*H14) -> 1.4132149e-21 | M14: =IF(C14=3,IF(3<=B14,Inputs!$B$4*COMBIN(B14,3)/COMBIN(D14,3),""),IF(I14="","",M13*I14)) | N14: =-LN(J14) -> 30.218674 | O14: =-LN(K14) -> 28.600299 | P14: =-LN(L14) -> 48.00842 | Q14: =IF(M14="","",-LN(M14))
A15: 2 | B15: =Inputs!$B$6 -> 5 | C15: 3 | D15: =B15*Inputs!$B$4 -> 75 | E15: =IF(C15=3,"",C15-1) | F15: =IF(C15=3,1,(Inputs!$B$4-(C15-1))/(D15-(C15-1))) -> 1 | G15: =IF(C15=3,1,((MAX(Inputs!$B$4-(C15-1)-1,0)*2*B15)+(2*B15))/((Inputs!$B$4-(C15-1)+1)*(D15-(C15-1)))) -> 1 | H15: =IF(C15=3,1,((MAX(Inputs!$B$4-(C15-1)-1,0)*2)+(2))/((Inputs!$B$4-(C15-1)+1)*(D15-(C15-1)))) -> 1 | I15: =IF(C15=3,1,IF((C15-1)<B15,(B15-(C15-1))/(D15-(C15-1)),"")) -> 1 | J15: =IF(C15=3,B15*COMBIN(Inputs!$B$4,3)/COMBIN(D15,3),J14*F15) -> 0.033691225 | K15: =IF(C15=3,(Inputs!$B$4-3+1)*POWER(B15,3)/COMBIN(D15,3),K14*G15) -> 0.024065161 | L15: =IF(C15=3,B15*(Inputs!$B$4-3+1)/COMBIN(D15,3),L14*H15) -> 0.00096260644 | M15: =IF(C15=3,IF(3<=B15,Inputs!$B$4*COMBIN(B15,3)/COMBIN(D15,3),""),IF(I15="","",M14*I15)) -> 0.0022213995 | N15: =-LN(J15) -> 3.3905178 | O15: =-LN(K15) -> 3.7269901 | P15: =-LN(L15) -> 6.9458659 | Q15: =IF(M15="","",-LN(M15)) -> 6.1096179
A16: 2 | B16: =Inputs!$B$6 -> 5 | C16: 4 | D16: =B16*Inputs!$B$4 -> 75 | E16: =IF(C16=3,"",C16-1) -> 3 | F16: =IF(C16=3,1,(Inputs!$B$4-(C16-1))/(D16-(C16-1))) -> 0.16666667 | G16: =IF(C16=3,1,((MAX(Inputs!$B$4-(C16-1)-1,0)*2*B16)+(2*B16))/((Inputs!$B$4-(C16-1)+1)*(D16-(C16-1)))) -> 0.12820513 | H16: =IF(C16=3,1,((MAX(Inputs!$B$4-(C16-1)-1,0)*2)+(2))/((Inputs!$B$4-(C16-1)+1)*(D16-(C16-1)))) -> 0.025641026 | I16: =IF(C16=3,1,IF((C16-1)<B16,(B16-(C16-1))/(D16-(C16-1)),"")) -> 0.027777778 | J16: =IF(C16=3,B16*COMBIN(Inputs!$B$4,3)/COMBIN(D16,3),J15*F16) -> 0.0056152042 | K16: =IF(C16=3,(Inputs!$B$4-3+1)*POWER(B16,3)/COMBIN(D16,3),K15*G16) -> 0.0030852771 | L16: =IF(C16=3,B16*(Inputs!$B$4-3+1)/COMBIN(D16,3),L15*H16) -> 2.4682216e-05 | M16: =IF(C16=3,IF(3<=B16,Inputs!$B$4*COMBIN(B16,3)/COMBIN(D16,3),""),IF(I16="","",M15*I16)) -> 6.1705541e-05 | N16: =-LN(J16) -> 5.1822773 | O16: =-LN(K16) -> 5.7811138 | P16: =-LN(L16) -> 10.609428 | Q16: =IF(M16="","",-LN(M16)) -> 9.6931368
A17: 2 | B17: =Inputs!$B$6 -> 5 | C17: 5 | D17: =B17*Inputs!$B$4 -> 75 | E17: =IF(C17=3,"",C17-1) -> 4 | F17: =IF(C17=3,1,(Inputs!$B$4-(C17-1))/(D17-(C17-1))) -> 0.15492958 | G17: =IF(C17=3,1,((MAX(Inputs!$B$4-(C17-1)-1,0)*2*B17)+(2*B17))/((Inputs!$B$4-(C17-1)+1)*(D17-(C17-1)))) -> 0.12910798 | H17: =IF(C17=3,1,((MAX(Inputs!$B$4-(C17-1)-1,0)*2)+(2))/((Inputs!$B$4-(C17-1)+1)*(D17-(C17-1)))) -> 0.025821596 | I17: =IF(C17=3,1,IF((C17-1)<B17,(B17-(C17-1))/(D17-(C17-1)),"")) -> 0.014084507 | J17: =IF(C17=3,B17*COMBIN(Inputs!$B$4,3)/COMBIN(D17,3),J16*F17) -> 0.00086996122 | K17: =IF(C17=3,(Inputs!$B$4-3+1)*POWER(B17,3)/COMBIN(D17,3),K16*G17) -> 0.00039833389 | L17: =IF(C17=3,B17*(Inputs!$B$4-3+1)/COMBIN(D17,3),L16*H17) -> 6.3733423e-07 | M17: =IF(C17=3,IF(3<=B17,Inputs!$B$4*COMBIN(B17,3)/COMBIN(D17,3),""),IF(I17="","",M16*I17)) -> 8.6909213e-07 | N17: =-LN(J17) -> 7.0470619 | O17: =-LN(K17) -> 7.82822 | P17: =-LN(L17) -> 14.265972 | Q17: =IF(M17="","",-LN(M17)) -> 13.955817
A18: 2 | B18: =Inputs!$B$6 -> 5 | C18: 6 | D18: =B18*Inputs!$B$4 -> 75 | E18: =IF(C18=3,"",C18-1) -> 5 | F18: =IF(C18=3,1,(Inputs!$B$4-(C18-1))/(D18-(C18-1))) -> 0.14285714 | G18: =IF(C18=3,1,((MAX(Inputs!$B$4-(C18-1)-1,0)*2*B18)+(2*B18))/((Inputs!$B$4-(C18-1)+1)*(D18-(C18-1)))) -> 0.12987013 | H18: =IF(C18=3,1,((MAX(Inputs!$B$4-(C18-1)-1,0)*2)+(2))/((Inputs!$B$4-(C18-1)+1)*(D18-(C18-1)))) -> 0.025974026 | I18: =IF(C18=3,1,IF((C18-1)<B18,(B18-(C18-1))/(D18-(C18-1)),"")) | J18: =IF(C18=3,B18*COMBIN(Inputs!$B$4,3)/COMBIN(D18,3),J17*F18) -> 0.00012428017 | K18: =IF(C18=3,(Inputs!$B$4-3+1)*POWER(B18,3)/COMBIN(D18,3),K17*G18) -> 5.1731674e-05 | L18: =IF(C18=3,B18*(Inputs!$B$4-3+1)/COMBIN(D18,3),L17*H18) -> 1.6554136e-08 | M18: =IF(C18=3,IF(3<=B18,Inputs!$B$4*COMBIN(B18,3)/COMBIN(D18,3),""),IF(I18="","",M17*I18)) | N18: =-LN(J18) -> 8.9929721 | O18: =-LN(K18) -> 9.8694403 | P18: =-LN(L18) -> 17.91663 | Q18: =IF(M18="","",-LN(M18))
A19: 2 | B19: =Inputs!$B$6 -> 5 | C19: 7 | D19: =B19*Inputs!$B$4 -> 75 | E19: =IF(C19=3,"",C19-1) -> 6 | F19: =IF(C19=3,1,(Inputs!$B$4-(C19-1))/(D19-(C19-1))) -> 0.13043478 | G19: =IF(C19=3,1,((MAX(Inputs!$B$4-(C19-1)-1,0)*2*B19)+(2*B19))/((Inputs!$B$4-(C19-1)+1)*(D19-(C19-1)))) -> 0.13043478 | H19: =IF(C19=3,1,((MAX(Inputs!$B$4-(C19-1)-1,0)*2)+(2))/((Inputs!$B$4-(C19-1)+1)*(D19-(C19-1)))) -> 0.026086957 | I19: =IF(C19=3,1,IF((C19-1)<B19,(B19-(C19-1))/(D19-(C19-1)),"")) | J19: =IF(C19=3,B19*COMBIN(Inputs!$B$4,3)/COMBIN(D19,3),J18*F19) -> 1.6210458e-05 | K19: =IF(C19=3,(Inputs!$B$4-3+1)*POWER(B19,3)/COMBIN(D19,3),K18*G19) -> 6.7476097e-06 | L19: =IF(C19=3,B19*(Inputs!$B$4-3+1)/COMBIN(D19,3),L18*H19) -> 4.3184702e-10 | M19: =IF(C19=3,IF(3<=B19,Inputs!$B$4*COMBIN(B19,3)/COMBIN(D19,3),""),IF(I19="","",M18*I19)) | N19: =-LN(J19) -> 11.029854 | O19: =-LN(K19) -> 11.906322 | P19: =-LN(L19) -> 21.56295 | Q19: =IF(M19="","",-LN(M19))
A20: 2 | B20: =Inputs!$B$6 -> 5 | C20: 8 | D20: =B20*Inputs!$B$4 -> 75 | E20: =IF(C20=3,"",C20-1) -> 7 | F20: =IF(C20=3,1,(Inputs!$B$4-(C20-1))/(D20-(C20-1))) -> 0.11764706 | G20: =IF(C20=3,1,((MAX(Inputs!$B$4-(C20-1)-1,0)*2*B20)+(2*B20))/((Inputs!$B$4-(C20-1)+1)*(D20-(C20-1)))) -> 0.13071895 | H20: =IF(C20=3,1,((MAX(Inputs!$B$4-(C20-1)-1,0)*2)+(2))/((Inputs!$B$4-(C20-1)+1)*(D20-(C20-1)))) -> 0.026143791 | I20: =IF(C20=3,1,IF((C20-1)<B20,(B20-(C20-1))/(D20-(C20-1)),"")) | J20: =IF(C20=3,B20*COMBIN(Inputs!$B$4,3)/COMBIN(D20,3),J19*F20) -> 1.9071127e-06 | K20: =IF(C20=3,(Inputs!$B$4-3+1)*POWER(B20,3)/COMBIN(D20,3),K19*G20) -> 8.8204048e-07 | L20: =IF(C20=3,B20*(Inputs!$B$4-3+1)/COMBIN(D20,3),L19*H20) -> 1.1290118e-11 | M20: =IF(C20=3,IF(3<=B20,Inputs!$B$4*COMBIN(B20,3)/COMBIN(D20,3),""),IF(I20="","",M19*I20)) | N20: =-LN(J20) -> 13.16992 | O20: =-LN(K20) -> 13.941028 | P20: =-LN(L20) -> 25.207093 | Q20: =IF(M20="","",-LN(M20))
A21: 2 | B21: =Inputs!$B$6 -> 5 | C21: 9 | D21: =B21*Inputs!$B$4 -> 75 | E21: =IF(C21=3,"",C21-1) -> 8 | F21: =IF(C21=3,1,(Inputs!$B$4-(C21-1))/(D21-(C21-1))) -> 0.10447761 | G21: =IF(C21=3,1,((MAX(Inputs!$B$4-(C21-1)-1,0)*2*B21)+(2*B21))/((Inputs!$B$4-(C21-1)+1)*(D21-(C21-1)))) -> 0.13059701 | H21: =IF(C21=3,1,((MAX(Inputs!$B$4-(C21-1)-1,0)*2)+(2))/((Inputs!$B$4-(C21-1)+1)*(D21-(C21-1)))) -> 0.026119403 | I21: =IF(C21=3,1,IF((C21-1)<B21,(B21-(C21-1))/(D21-(C21-1)),"")) | J21: =IF(C21=3,B21*COMBIN(Inputs!$B$4,3)/COMBIN(D21,3),J20*F21) -> 1.9925058e-07 | K21: =IF(C21=3,(Inputs!$B$4-3+1)*POWER(B21,3)/COMBIN(D21,3),K20*G21) -> 1.1519185e-07 | L21: =IF(C21=3,B21*(Inputs!$B$4-3+1)/COMBIN(D21,3),L20*H21) -> 2.9489115e-13 | M21: =IF(C21=3,IF(3<=B21,Inputs!$B$4*COMBIN(B21,3)/COMBIN(D21,3),""),IF(I21="","",M20*I21)) | N21: =-LN(J21) -> 15.428703 | O21: =-LN(K21) -> 15.976667 | P21: =-LN(L21) -> 28.85217 | Q21: =IF(M21="","",-LN(M21))
A22: 2 | B22: =Inputs!$B$6 -> 5 | C22: 10 | D22: =B22*Inputs!$B$4 -> 75 | E22: =IF(C22=3,"",C22-1) -> 9 | F22: =IF(C22=3,1,(Inputs!$B$4-(C22-1))/(D22-(C22-1))) -> 0.090909091 | G22: =IF(C22=3,1,((MAX(Inputs!$B$4-(C22-1)-1,0)*2*B22)+(2*B22))/((Inputs!$B$4-(C22-1)+1)*(D22-(C22-1)))) -> 0.12987013 | H22: =IF(C22=3,1,((MAX(Inputs!$B$4-(C22-1)-1,0)*2)+(2))/((Inputs!$B$4-(C22-1)+1)*(D22-(C22-1)))) -> 0.025974026 | I22: =IF(C22=3,1,IF((C22-1)<B22,(B22-(C22-1))/(D22-(C22-1)),"")) | J22: =IF(C22=3,B22*COMBIN(Inputs!$B$4,3)/COMBIN(D22,3),J21*F22) -> 1.8113689e-08 | K22: =IF(C22=3,(Inputs!$B$4-3+1)*POWER(B22,3)/COMBIN(D22,3),K21*G22) -> 1.4959981e-08 | L22: =IF(C22=3,B22*(Inputs!$B$4-3+1)/COMBIN(D22,3),L21*H22) -> 7.6595103e-15 | M22: =IF(C22=3,IF(3<=B22,Inputs!$B$4*COMBIN(B22,3)/COMBIN(D22,3),""),IF(I22="","",M21*I22)) | N22: =-LN(J22) -> 17.826598 | O22: =-LN(K22) -> 18.017887 | P22: =-LN(L22) -> 32.502828 | Q22: =IF(M22="","",-LN(M22))
A23: 2 | B23: =Inputs!$B$6 -> 5 | C23: 11 | D23: =B23*Inputs!$B$4 -> 75 | E23: =IF(C23=3,"",C23-1) -> 10 | F23: =IF(C23=3,1,(Inputs!$B$4-(C23-1))/(D23-(C23-1))) -> 0.076923077 | G23: =IF(C23=3,1,((MAX(Inputs!$B$4-(C23-1)-1,0)*2*B23)+(2*B23))/((Inputs!$B$4-(C23-1)+1)*(D23-(C23-1)))) -> 0.12820513 | H23: =IF(C23=3,1,((MAX(Inputs!$B$4-(C23-1)-1,0)*2)+(2))/((Inputs!$B$4-(C23-1)+1)*(D23-(C23-1)))) -> 0.025641026 | I23: =IF(C23=3,1,IF((C23-1)<B23,(B23-(C23-1))/(D23-(C23-1)),"")) | J23: =IF(C23=3,B23*COMBIN(Inputs!$B$4,3)/COMBIN(D23,3),J22*F23) -> 1.3933607e-09 | K23: =IF(C23=3,(Inputs!$B$4-3+1)*POWER(B23,3)/COMBIN(D23,3),K22*G23) -> 1.9179463e-09 | L23: =IF(C23=3,B23*(Inputs!$B$4-3+1)/COMBIN(D23,3),L22*H23) -> 1.963977e-16 | M23: =IF(C23=3,IF(3<=B23,Inputs!$B$4*COMBIN(B23,3)/COMBIN(D23,3),""),IF(I23="","",M22*I23)) | N23: =-LN(J23) -> 20.391547 | O23: =-LN(K23) -> 20.072011 | P23: =-LN(L23) -> 36.16639 | Q23: =IF(M23="","",-LN(M23))
A24: 2 | B24: =Inputs!$B$6 -> 5 | C24: 12 | D24: =B24*Inputs!$B$4 -> 75 | E24: =IF(C24=3,"",C24-1) -> 11 | F24: =IF(C24=3,1,(Inputs!$B$4-(C24-1))/(D24-(C24-1))) -> 0.0625 | G24: =IF(C24=3,1,((MAX(Inputs!$B$4-(C24-1)-1,0)*2*B24)+(2*B24))/((Inputs!$B$4-(C24-1)+1)*(D24-(C24-1)))) -> 0.125 | H24: =IF(C24=3,1,((MAX(Inputs!$B$4-(C24-1)-1,0)*2)+(2))/((Inputs!$B$4-(C24-1)+1)*(D24-(C24-1)))) -> 0.025 | I24: =IF(C24=3,1,IF((C24-1)<B24,(B24-(C24-1))/(D24-(C24-1)),"")) | J24: =IF(C24=3,B24*COMBIN(Inputs!$B$4,3)/COMBIN(D24,3),J23*F24) -> 8.7085042e-11 | K24: =IF(C24=3,(Inputs!$B$4-3+1)*POWER(B24,3)/COMBIN(D24,3),K23*G24) -> 2.3974329e-10 | L24: =IF(C24=3,B24*(Inputs!$B$4-3+1)/COMBIN(D24,3),L23*H24) -> 4.9099425e-18 | M24: =IF(C24=3,IF(3<=B24,Inputs!$B$4*COMBIN(B24,3)/COMBIN(D24,3),""),IF(I24="","",M23*I24)) | N24: =-LN(J24) -> 23.164136 | O24: =-LN(K24) -> 22.151452 | P24: =-LN(L24) -> 39.855269 | Q24: =IF(M24="","",-LN(M24))
A25: 2 | B25: =Inputs!$B$6 -> 5 | C25: 13 | D25: =B25*Inputs!$B$4 -> 75 | E25: =IF(C25=3,"",C25-1) -> 12 | F25: =IF(C25=3,1,(Inputs!$B$4-(C25-1))/(D25-(C25-1))) -> 0.047619048 | G25: =IF(C25=3,1,((MAX(Inputs!$B$4-(C25-1)-1,0)*2*B25)+(2*B25))/((Inputs!$B$4-(C25-1)+1)*(D25-(C25-1)))) -> 0.11904762 | H25: =IF(C25=3,1,((MAX(Inputs!$B$4-(C25-1)-1,0)*2)+(2))/((Inputs!$B$4-(C25-1)+1)*(D25-(C25-1)))) -> 0.023809524 | I25: =IF(C25=3,1,IF((C25-1)<B25,(B25-(C25-1))/(D25-(C25-1)),"")) | J25: =IF(C25=3,B25*COMBIN(Inputs!$B$4,3)/COMBIN(D25,3),J24*F25) -> 4.1469067e-12 | K25: =IF(C25=3,(Inputs!$B$4-3+1)*POWER(B25,3)/COMBIN(D25,3),K24*G25) -> 2.8540867e-11 | L25: =IF(C25=3,B25*(Inputs!$B$4-3+1)/COMBIN(D25,3),L24*H25) -> 1.1690339e-19 | M25: =IF(C25=3,IF(3<=B25,Inputs!$B$4*COMBIN(B25,3)/COMBIN(D25,3),""),IF(I25="","",M24*I25)) | N25: =-LN(J25) -> 26.208658 | O25: =-LN(K25) -> 24.279684 | P25: =-LN(L25) -> 43.592939 | Q25: =IF(M25="","",-LN(M25))
A26: 2 | B26: =Inputs!$B$6 -> 5 | C26: 14 | D26: =B26*Inputs!$B$4 -> 75 | E26: =IF(C26=3,"",C26-1) -> 13 | F26: =IF(C26=3,1,(Inputs!$B$4-(C26-1))/(D26-(C26-1))) -> 0.032258065 | G26: =IF(C26=3,1,((MAX(Inputs!$B$4-(C26-1)-1,0)*2*B26)+(2*B26))/((Inputs!$B$4-(C26-1)+1)*(D26-(C26-1)))) -> 0.10752688 | H26: =IF(C26=3,1,((MAX(Inputs!$B$4-(C26-1)-1,0)*2)+(2))/((Inputs!$B$4-(C26-1)+1)*(D26-(C26-1)))) -> 0.021505376 | I26: =IF(C26=3,1,IF((C26-1)<B26,(B26-(C26-1))/(D26-(C26-1)),"")) | J26: =IF(C26=3,B26*COMBIN(Inputs!$B$4,3)/COMBIN(D26,3),J25*F26) -> 1.3377119e-13 | K26: =IF(C26=3,(Inputs!$B$4-3+1)*POWER(B26,3)/COMBIN(D26,3),K25*G26) -> 3.0689105e-12 | L26: =IF(C26=3,B26*(Inputs!$B$4-3+1)/COMBIN(D26,3),L25*H26) -> 2.5140515e-21 | M26: =IF(C26=3,IF(3<=B26,Inputs!$B$4*COMBIN(B26,3)/COMBIN(D26,3),""),IF(I26="","",M25*I26)) | N26: =-LN(J26) -> 29.642646 | O26: =-LN(K26) -> 26.509699 | P26: =-LN(L26) -> 47.432391 | Q26: =IF(M26="","",-LN(M26))
A27: 2 | B27: =Inputs!$B$6 -> 5 | C27: 15 | D27: =B27*Inputs!$B$4 -> 75 | E27: =IF(C27=3,"",C27-1) -> 14 | F27: =IF(C27=3,1,(Inputs!$B$4-(C27-1))/(D27-(C27-1))) -> 0.016393443 | G27: =IF(C27=3,1,((MAX(Inputs!$B$4-(C27-1)-1,0)*2*B27)+(2*B27))/((Inputs!$B$4-(C27-1)+1)*(D27-(C27-1)))) -> 0.081967213 | H27: =IF(C27=3,1,((MAX(Inputs!$B$4-(C27-1)-1,0)*2)+(2))/((Inputs!$B$4-(C27-1)+1)*(D27-(C27-1)))) -> 0.016393443 | I27: =IF(C27=3,1,IF((C27-1)<B27,(B27-(C27-1))/(D27-(C27-1)),"")) | J27: =IF(C27=3,B27*COMBIN(Inputs!$B$4,3)/COMBIN(D27,3),J26*F27) -> 2.1929703e-15 | K27: =IF(C27=3,(Inputs!$B$4-3+1)*POWER(B27,3)/COMBIN(D27,3),K26*G27) -> 2.5155004e-13 | L27: =IF(C27=3,B27*(Inputs!$B$4-3+1)/COMBIN(D27,3),L26*H27) -> 4.1213958e-23 | M27: =IF(C27=3,IF(3<=B27,Inputs!$B$4*COMBIN(B27,3)/COMBIN(D27,3),""),IF(I27="","",M26*I27)) | N27: =-LN(J27) -> 33.753519 | O27: =-LN(K27) -> 29.011134 | P27: =-LN(L27) -> 51.543265 | Q27: =IF(M27="","",-LN(M27))

Sheet Combined_Model
A1: Deck | B1: Energies E | C1: Size n | D1: C raw prob | E1: C marginal prob | F1: C combined prob | G1: C combined diff | H1: T raw prob | I1: T marginal prob | J1: T combined prob | K1: T combined diff | L1: PT raw prob | M1: PT marginal prob | N1: PT combined prob | O1: PT combined diff | P1: Ench raw prob | Q1: Ench marginal prob | R1: Ench combined prob | S1: Ench combined diff
A2: 1 | B2: =Inputs!$B$5 -> 4 | C2: 3 | D2: =Raw_Model!G2 -> 0.053185272 | E2: =Marginal_Model!J2 -> 0.053185272 | F2: =EXP(-(Inputs!$B$7*Raw_Model!N2+(1-Inputs!$B$7)*Marginal_Model!N2)) -> 0.053185272 | G2: =-LN(F2) -> 2.9339738 | H2: =Raw_Model!I2 -> 0.024313267 | I2: =Marginal_Model!K2 -> 0.024313267 | J2: =EXP(-(Inputs!$B$7*Raw_Model!O2+(1-Inputs!$B$7)*Marginal_Model!O2)) -> 0.024313267 | K2: =-LN(J2) -> 3.7167331 | L2: =Raw_Model!K2 -> 0.0015195792 | M2: =Marginal_Model!L2 -> 0.0015195792 | N2: =EXP(-(Inputs!$B$7*Raw_Model!P2+(1-Inputs!$B$7)*Marginal_Model!P2)) -> 0.0015195792 | O2: =-LN(N2) -> 6.4893218 | P2: =Raw_Model!M2 -> 0.0017533606 | Q2: =Marginal_Model!M2 -> 0.0017533606 | R2: =IF(P2="","",EXP(-(Inputs!$B$7*Raw_Model!Q2+(1-Inputs!$B$7)*Marginal_Model!Q2))) -> 0.0017533606 | S2: =IF(R2="","",-LN(R2)) -> 6.346221
A3: 1 | B3: =Inputs!$B$5 -> 4 | C3: 4 | D3: =Raw_Model!G3 -> 0.011196899 | E3: =Marginal_Model!J3 -> 0.011196899 | F3: =EXP(-(Inputs!$B$7*Raw_Model!N3+(1-Inputs!$B$7)*Marginal_Model!N3)) -> 0.011196899 | G3: =-LN(F3) -> 4.4921184 | H3: =Raw_Model!I3 -> 0.0062997939 | I3: =Marginal_Model!K3 -> 0.003149897 | J3: =EXP(-(Inputs!$B$7*Raw_Model!O3+(1-Inputs!$B$7)*Marginal_Model!O3)) -> 0.0054842891 | K3: =-LN(J3) -> 5.2058678 | L3: =Raw_Model!K3 -> 9.843428e-05 | M3: =Marginal_Model!L3 -> 4.921714e-05 | N3: =EXP(-(Inputs!$B$7*Raw_Model!P3+(1-Inputs!$B$7)*Marginal_Model!P3)) -> 8.5692018e-05 | O3: =-LN(N3) -> 9.3647509 | P3: =Raw_Model!M3 -> 3.0760712e-05 | Q3: =Marginal_Model!M3 -> 3.0760712e-05 | R3: =IF(P3="","",EXP(-(Inputs!$B$7*Raw_Model!Q3+(1-Inputs!$B$7)*Marginal_Model!Q3))) -> 3.0760712e-05 | S3: =IF(R3="","",-LN(R3)) -> 10.389272
A4: 1 | B4: =Inputs!$B$5 -> 4 | C4: 5 | D4: =Raw_Model!G4 -> 0.0021993909 | E4: =Marginal_Model!J4 -> 0.0021993909 | F4: =EXP(-(Inputs!$B$7*Raw_Model!N4+(1-Inputs!$B$7)*Marginal_Model!N4)) -> 0.0021993909 | G4: =-LN(F4) -> 6.1195748 | H4: =Raw_Model!I4 -> 0.0020624325 | I4: =Marginal_Model!K4 -> 0.00041248651 | J4: =EXP(-(Inputs!$B$7*Raw_Model!O4+(1-Inputs!$B$7)*Marginal_Model!O4)) -> 0.0014948092 | K4: =-LN(J4) -> 6.5057567 | L4: =Raw_Model!K4 -> 8.0563771e-06 | M4: =Marginal_Model!L4 -> 1.6112754e-06 | N4: =EXP(-(Inputs!$B$7*Raw_Model!P4+(1-Inputs!$B$7)*Marginal_Model!P4)) -> 5.8390983e-06 | O4: =-LN(N4) -> 12.050934 | P4: =Raw_Model!M4 | Q4: =Marginal_Model!M4 | R4: =IF(P4="","",EXP(-(Inputs!$B$7*Raw_Model!Q4+(1-Inputs!$B$7)*Marginal_Model!Q4))) | S4: =IF(R4="","",-LN(R4))
A5: 1 | B5: =Inputs!$B$5 -> 4 | C5: 6 | D5: =Raw_Model!G5 -> 0.00039988926 | E5: =Marginal_Model!J5 -> 0.00039988926 | F5: =EXP(-(Inputs!$B$7*Raw_Model!N5+(1-Inputs!$B$7)*Marginal_Model!N5)) -> 0.00039988926 | G5: =-LN(F5) -> 7.8243229 | H5: =Raw_Model!I5 -> 0.00081815505 | I5: =Marginal_Model!K5 -> 5.454367e-05 | J5: =EXP(-(Inputs!$B$7*Raw_Model!O5+(1-Inputs!$B$7)*Marginal_Model!O5)) -> 0.00047601141 | K5: =-LN(J5) -> 7.6500687 | L5: =Raw_Model!K5 -> 7.9897954e-07 | M5: =Marginal_Model!L5 -> 5.3265303e-08 | N5: =EXP(-(Inputs!$B$7*Raw_Model!P5+(1-Inputs!$B$7)*Marginal_Model!P5)) -> 4.6485489e-07 | O5: =-LN(N5) -> 14.581541 | P5: =Raw_Model!M5 | Q5: =Marginal_Model!M5 | R5: =IF(P5="","",EXP(-(Inputs!$B$7*Raw_Model!Q5+(1-Inputs!$B$7)*Marginal_Model!Q5))) | S5: =IF(R5="","",-LN(R5))
A6: 1 | B6: =Inputs!$B$5 -> 4 | C6: 7 | D6: =Raw_Model!G6 -> 6.664821e-05 | E6: =Marginal_Model!J6 -> 6.664821e-05 | F6: =EXP(-(Inputs!$B$7*Raw_Model!N6+(1-Inputs!$B$7)*Marginal_Model!N6)) -> 6.664821e-05 | G6: =-LN(F6) -> 9.6160824 | H6: =Raw_Model!I6 -> 0.00038180569 | I6: =Marginal_Model!K6 -> 7.2724894e-06 | J6: =EXP(-(Inputs!$B$7*Raw_Model!O6+(1-Inputs!$B$7)*Marginal_Model!O6)) -> 0.00017290619 | K6: =-LN(J6) -> 8.6627614 | L6: =Raw_Model!K6 -> 9.321428e-08 | M6: =Marginal_Model!L6 -> 1.7755101e-09 | N6: =EXP(-(Inputs!$B$7*Raw_Model!P6+(1-Inputs!$B$7)*Marginal_Model!P6)) -> 4.2213425e-08 | O6: =-LN(N6) -> 16.980528 | P6: =Raw_Model!M6 | Q6: =Marginal_Model!M6 | R6: =IF(P6="","",EXP(-(Inputs!$B$7*Raw_Model!Q6+(1-Inputs!$B$7)*Marginal_Model!Q6))) | S6: =IF(R6="","",-LN(R6))
A7: 1 | B7: =Inputs!$B$5 -> 4 | C7: 8 | D7: =Raw_Model!G7 -> 1.0060107e-05 | E7: =Marginal_Model!J7 -> 1.0060107e-05 | F7: =EXP(-(Inputs!$B$7*Raw_Model!N7+(1-Inputs!$B$7)*Marginal_Model!N7)) -> 1.0060107e-05 | G7: =-LN(F7) -> 11.506933 | H7: =Raw_Model!I7 -> 0.00020491039 | I7: =Marginal_Model!K7 -> 9.7576377e-07 | J7: =EXP(-(Inputs!$B$7*Raw_Model!O7+(1-Inputs!$B$7)*Marginal_Model!O7)) -> 7.0326682e-05 | K7: =-LN(J7) -> 9.5623593 | L7: =Raw_Model!K7 -> 1.2506738e-08 | M7: =Marginal_Model!L7 -> 5.9555894e-11 | N7: =EXP(-(Inputs!$B$7*Raw_Model!P7+(1-Inputs!$B$7)*Marginal_Model!P7)) -> 4.2924e-09 | O7: =-LN(N7) -> 19.26642 | P7: =Raw_Model!M7 | Q7: =Marginal_Model!M7 | R7: =IF(P7="","",EXP(-(Inputs!$B$7*Raw_Model!Q7+(1-Inputs!$B$7)*Marginal_Model!Q7))) | S7: =IF(R7="","",-LN(R7))
A8: 1 | B8: =Inputs!$B$5 -> 4 | C8: 9 | D8: =Raw_Model!G8 -> 1.3542452e-06 | E8: =Marginal_Model!J8 -> 1.3542452e-06 | F8: =EXP(-(Inputs!$B$7*Raw_Model!N8+(1-Inputs!$B$7)*Marginal_Model!N8)) -> 1.3542452e-06 | G8: =-LN(F8) -> 13.512266 | H8: =Raw_Model!I8 -> 0.00012412841 | I8: =Marginal_Model!K8 -> 1.3135282e-07 | J8: =EXP(-(Inputs!$B$7*Raw_Model!O8+(1-Inputs!$B$7)*Marginal_Model!O8)) -> 3.1534419e-05 | K8: =-LN(J8) -> 10.364431 | L8: =Raw_Model!K8 -> 1.8940492e-09 | M8: =Marginal_Model!L8 -> 2.0042849e-12 | N8: =EXP(-(Inputs!$B$7*Raw_Model!P8+(1-Inputs!$B$7)*Marginal_Model!P8)) -> 4.8117705e-10 | O8: =-LN(N8) -> 21.454786 | P8: =Raw_Model!M8 | Q8: =Marginal_Model!M8 | R8: =IF(P8="","",EXP(-(Inputs!$B$7*Raw_Model!Q8+(1-Inputs!$B$7)*Marginal_Model!Q8))) | S8: =IF(R8="","",-LN(R8))
A9: 1 | B9: =Inputs!$B$5 -> 4 | C9: 10 | D9: =Raw_Model!G9 -> 1.5932296e-07 | E9: =Marginal_Model!J9 -> 1.5932296e-07 | F9: =EXP(-(Inputs!$B$7*Raw_Model!N9+(1-Inputs!$B$7)*Marginal_Model!N9)) -> 1.5932296e-07 | G9: =-LN(F9) -> 15.652332 | H9: =Raw_Model!I9 -> 8.3447671e-05 | I9: =Marginal_Model!K9 -> 1.7660883e-08 | J9: =EXP(-(Inputs!$B$7*Raw_Model!O9+(1-Inputs!$B$7)*Marginal_Model!O9)) -> 1.5365046e-05 | K9: =-LN(J9) -> 11.083415 | L9: =Raw_Model!K9 -> 3.183276e-10 | M9: =Marginal_Model!L9 -> 6.7370921e-14 | N9: =EXP(-(Inputs!$B$7*Raw_Model!P9+(1-Inputs!$B$7)*Marginal_Model!P9)) -> 5.8612998e-11 | O9: =-LN(N9) -> 23.560065 | P9: =Raw_Model!M9 | Q9: =Marginal_Model!M9 | R9: =IF(P9="","",EXP(-(Inputs!$B$7*Raw_Model!Q9+(1-Inputs!$B$7)*Marginal_Model!Q9))) | S9: =IF(R9="","",-LN(R9))
A10: 1 | B10: =Inputs!$B$5 -> 4 | C10: 11 | D10: =Raw_Model!G10 -> 1.5932296e-08 | E10: =Marginal_Model!J10 -> 1.5932296e-08 | F10: =EXP(-(Inputs!$B$7*Raw_Model!N10+(1-Inputs!$B$7)*Marginal_Model!N10)) -> 1.5932296e-08 | G10: =-LN(F10) -> 17.954918 | H10: =Raw_Model!I10 -> 6.1194959e-05 | I10: =Marginal_Model!K10 -> 2.3547844e-09 | J10: =EXP(-(Inputs!$B$7*Raw_Model!O10+(1-Inputs!$B$7)*Marginal_Model!O10)) -> 8.0124023e-06 | K10: =-LN(J10) -> 11.73452 | L10: =Raw_Model!K10 -> 5.836006e-11 | M10: =Marginal_Model!L10 -> 2.2456974e-15 | N10: =EXP(-(Inputs!$B$7*Raw_Model!P10+(1-Inputs!$B$7)*Marginal_Model!P10)) -> 7.6412223e-12 | O10: =-LN(N10) -> 25.597464 | P10: =Raw_Model!M10 | Q10: =Marginal_Model!M10 | R10: =IF(P10="","",EXP(-(Inputs!$B$7*Raw_Model!Q10+(1-Inputs!$B$7)*Marginal_Model!Q10))) | S10: =IF(R10="","",-LN(R10))
A11: 1 | B11: =Inputs!$B$5 -> 4 | C11: 12 | D11: =Raw_Model!G11 -> 1.3005956e-09 | E11: =Marginal_Model!J11 -> 1.3005956e-09 | F11: =EXP(-(Inputs!$B$7*Raw_Model!N11+(1-Inputs!$B$7)*Marginal_Model!N11)) -> 1.3005956e-09 | G11: =-LN(F11) -> 20.460443 | H11: =Raw_Model!I11 -> 4.7956866e-05 | I11: =Marginal_Model!K11 -> 3.0756367e-10 | J11: =EXP(-(Inputs!$B$7*Raw_Model!O11+(1-Inputs!$B$7)*Marginal_Model!O11)) -> 4.3880103e-06 | K11: =-LN(J11) -> 12.336635 | L11: =Raw_Model!K11 -> 1.1433808e-11 | M11: =Marginal_Model!L11 -> 7.3328894e-17 | N11: =EXP(-(Inputs!$B$7*Raw_Model!P11+(1-Inputs!$B$7)*Marginal_Model!P11)) -> 1.0461832e-12 | O11: =-LN(N11) -> 27.585873 | P11: =Raw_Model!M11 | Q11: =Marginal_Model!M11 | R11: =IF(P11="","",EXP(-(Inputs!$B$7*Raw_Model!Q11+(1-Inputs!$B$7)*Marginal_Model!Q11))) | S11: =IF(R11="","",-LN(R11))
A12: 1 | B12: =Inputs!$B$5 -> 4 | C12: 13 | D12: =Raw_Model!G12 -> 8.1287227e-11 | E12: =Marginal_Model!J12 -> 8.1287227e-11 | F12: =EXP(-(Inputs!$B$7*Raw_Model!N12+(1-Inputs!$B$7)*Marginal_Model!N12)) -> 8.1287227e-11 | G12: =-LN(F12) -> 23.233032 | H12: =Raw_Model!I12 -> 3.8964953e-05 | I12: =Marginal_Model!K12 -> 3.8445459e-11 | J12: =EXP(-(Inputs!$B$7*Raw_Model!O12+(1-Inputs!$B$7)*Marginal_Model!O12)) -> 2.4519315e-06 | K12: =-LN(J12) -> 12.918634 | L12: =Raw_Model!K12 -> 2.3224922e-12 | M12: =Marginal_Model!L12 -> 2.2915279e-18 | N12: =EXP(-(Inputs!$B$7*Raw_Model!P12+(1-Inputs!$B$7)*Marginal_Model!P12)) -> 1.4614651e-13 | O12: =-LN(N12) -> 29.554167 | P12: =Raw_Model!M12 | Q12: =Marginal_Model!M12 | R12: =IF(P12="","",EXP(-(Inputs!$B$7*Raw_Model!Q12+(1-Inputs!$B$7)*Marginal_Model!Q12))) | S12: =IF(R12="","",-LN(R12))
A13: 1 | B13: =Inputs!$B$5 -> 4 | C13: 14 | D13: =Raw_Model!G13 -> 3.4590309e-12 | E13: =Marginal_Model!J13 -> 3.4590309e-12 | F13: =EXP(-(Inputs!$B$7*Raw_Model!N13+(1-Inputs!$B$7)*Marginal_Model!N13)) -> 3.4590309e-12 | G13: =-LN(F13) -> 26.390033 | H13: =Raw_Model!I13 -> 3.0950885e-05 | I13: =Marginal_Model!K13 -> 4.3626053e-12 | J13: =EXP(-(Inputs!$B$7*Raw_Model!O13+(1-Inputs!$B$7)*Marginal_Model!O13)) -> 1.3197378e-06 | K13: =-LN(J13) -> 13.538078 | L13: =Raw_Model!K13 -> 4.6120412e-13 | M13: =Marginal_Model!L13 -> 6.5007884e-20 | N13: =EXP(-(Inputs!$B$7*Raw_Model!P13+(1-Inputs!$B$7)*Marginal_Model!P13)) -> 1.9665625e-14 | O13: =-LN(N13) -> 31.559904 | P13: =Raw_Model!M13 | Q13: =Marginal_Model!M13 | R13: =IF(P13="","",EXP(-(Inputs!$B$7*Raw_Model!Q13+(1-Inputs!$B$7)*Marginal_Model!Q13))) | S13: =IF(R13="","",-LN(R13))
A14: 1 | B14: =Inputs!$B$5 -> 4 | C14: 15 | D14: =Raw_Model!G14 -> 7.5196325e-14 | E14: =Marginal_Model!J14 -> 7.5196325e-14 | F14: =EXP(-(Inputs!$B$7*Raw_Model!N14+(1-Inputs!$B$7)*Marginal_Model!N14)) -> 7.5196325e-14 | G14: =-LN(F14) -> 30.218674 | H14: =Raw_Model!I14 -> 2.018536e-05 | I14: =Marginal_Model!K14 -> 3.7935698e-13 | J14: =EXP(-(Inputs!$B$7*Raw_Model!O14+(1-Inputs!$B$7)*Marginal_Model!O14)) -> 5.752264e-07 | K14: =-LN(J14) -> 14.368502 | L14: =Raw_Model!K14 -> 7.5196325e-14 | M14: =Marginal_Model!L14 -> 1.4132149e-21 | N14: =EXP(-(Inputs!$B$7*Raw_Model!P14+(1-Inputs!$B$7)*Marginal_Model!P14)) -> 2.1428853e-15 | O14: =-LN(N14) -> 33.776623 | P14: =Raw_Model!M14 | Q14: =Marginal_Model!M14 | R14: =IF(P14="","",EXP(-(Inputs!$B$7*Raw_Model!Q14+(1-Inputs!$B$7)*Marginal_Model!Q14))) | S14: =IF(R14="","",-LN(R14))
A15: 2 | B15: =Inputs!$B$6 -> 5 | C15: 3 | D15: =Raw_Model!G15 -> 0.033691225 | E15: =Marginal_Model!J15 -> 0.033691225 | F15: =EXP(-(Inputs!$B$7*Raw_Model!N15+(1-Inputs!$B$7)*Marginal_Model!N15)) -> 0.033691225 | G15: =-LN(F15) -> 3.3905178 | H15: =Raw_Model!I15 -> 0.024065161 | I15: =Marginal_Model!K15 -> 0.024065161 | J15: =EXP(-(Inputs!$B$7*Raw_Model!O15+(1-Inputs!$B$7)*Marginal_Model!O15)) -> 0.024065161 | K15: =-LN(J15) -> 3.7269901 | L15: =Raw_Model!K15 -> 0.00096260644 | M15: =Marginal_Model!L15 -> 0.00096260644 | N15: =EXP(-(Inputs!$B$7*Raw_Model!P15+(1-Inputs!$B$7)*Marginal_Model!P15)) -> 0.00096260644 | O15: =-LN(N15) -> 6.9458659 | P15: =Raw_Model!M15 -> 0.0022213995 | Q15: =Marginal_Model!M15 -> 0.0022213995 | R15: =IF(P15="","",EXP(-(Inputs!$B$7*Raw_Model!Q15+(1-Inputs!$B$7)*Marginal_Model!Q15))) -> 0.0022213995 | S15: =IF(R15="","",-LN(R15)) -> 6.1096179
A16: 2 | B16: =Inputs!$B$6 -> 5 | C16: 4 | D16: =Raw_Model!G16 -> 0.0056152042 | E16: =Marginal_Model!J16 -> 0.0056152042 | F16: =EXP(-(Inputs!$B$7*Raw_Model!N16+(1-Inputs!$B$7)*Marginal_Model!N16)) -> 0.0056152042 | G16: =-LN(F16) -> 5.1822773 | H16: =Raw_Model!I16 -> 0.0061705541 | I16: =Marginal_Model!K16 -> 0.0030852771 | J16: =EXP(-(Inputs!$B$7*Raw_Model!O16+(1-Inputs!$B$7)*Marginal_Model!O16)) -> 0.0053717794 | K16: =-LN(J16) -> 5.2265961 | L16: =Raw_Model!K16 -> 4.9364433e-05 | M16: =Marginal_Model!L16 -> 2.4682216e-05 | N16: =EXP(-(Inputs!$B$7*Raw_Model!P16+(1-Inputs!$B$7)*Marginal_Model!P16)) -> 4.2974235e-05 | O16: =-LN(N16) -> 10.05491 | P16: =Raw_Model!M16 -> 6.1705541e-05 | Q16: =Marginal_Model!M16 -> 6.1705541e-05 | R16: =IF(P16="","",EXP(-(Inputs!$B$7*Raw_Model!Q16+(1-Inputs!$B$7)*Marginal_Model!Q16))) -> 6.1705541e-05 | S16: =IF(R16="","",-LN(R16)) -> 9.6931368
A17: 2 | B17: =Inputs!$B$6 -> 5 | C17: 5 | D17: =Raw_Model!G17 -> 0.00086996122 | E17: =Marginal_Model!J17 -> 0.00086996122 | F17: =EXP(-(Inputs!$B$7*Raw_Model!N17+(1-Inputs!$B$7)*Marginal_Model!N17)) -> 0.00086996122 | G17: =-LN(F17) -> 7.0470619 | H17: =Raw_Model!I17 -> 0.0019916695 | I17: =Marginal_Model!K17 -> 0.00039833389 | J17: =EXP(-(Inputs!$B$7*Raw_Model!O17+(1-Inputs!$B$7)*Marginal_Model!O17)) -> 0.0014435215 | K17: =-LN(J17) -> 6.5406696 | L17: =Raw_Model!K17 -> 3.1866711e-06 | M17: =Marginal_Model!L17 -> 6.3733423e-07 | N17: =EXP(-(Inputs!$B$7*Raw_Model!P17+(1-Inputs!$B$7)*Marginal_Model!P17)) -> 2.3096344e-06 | O17: =-LN(N17) -> 12.978421 | P17: =Raw_Model!M17 -> 8.6909213e-07 | Q17: =Marginal_Model!M17 -> 8.6909213e-07 | R17: =IF(P17="","",EXP(-(Inputs!$B$7*Raw_Model!Q17+(1-Inputs!$B$7)*Marginal_Model!Q17))) -> 8.6909213e-07 | S17: =IF(R17="","",-LN(R17)) -> 13.955817
A18: 2 | B18: =Inputs!$B$6 -> 5 | C18: 6 | D18: =Raw_Model!G18 -> 0.00012428017 | E18: =Marginal_Model!J18 -> 0.00012428017 | F18: =EXP(-(Inputs!$B$7*Raw_Model!N18+(1-Inputs!$B$7)*Marginal_Model!N18)) -> 0.00012428017 | G18: =-LN(F18) -> 8.9929721 | H18: =Raw_Model!I18 -> 0.00077597512 | I18: =Marginal_Model!K18 -> 5.1731674e-05 | J18: =EXP(-(Inputs!$B$7*Raw_Model!O18+(1-Inputs!$B$7)*Marginal_Model!O18)) -> 0.00045147067 | K18: =-LN(J18) -> 7.7030001 | L18: =Raw_Model!K18 -> 2.4831204e-07 | M18: =Marginal_Model!L18 -> 1.6554136e-08 | N18: =EXP(-(Inputs!$B$7*Raw_Model!P18+(1-Inputs!$B$7)*Marginal_Model!P18)) -> 1.4447061e-07 | O18: =-LN(N18) -> 15.75019 | P18: =Raw_Model!M18 | Q18: =Marginal_Model!M18 | R18: =IF(P18="","",EXP(-(Inputs!$B$7*Raw_Model!Q18+(1-Inputs!$B$7)*Marginal_Model!Q18))) | S18: =IF(R18="","",-LN(R18))
A19: 2 | B19: =Inputs!$B$6 -> 5 | C19: 7 | D19: =Raw_Model!G19 -> 1.6210458e-05 | E19: =Marginal_Model!J19 -> 1.6210458e-05 | F19: =EXP(-(Inputs!$B$7*Raw_Model!N19+(1-Inputs!$B$7)*Marginal_Model!N19)) -> 1.6210458e-05 | G19: =-LN(F19) -> 11.029854 | H19: =Raw_Model!I19 -> 0.00035424951 | I19: =Marginal_Model!K19 -> 6.7476097e-06 | J19: =EXP(-(Inputs!$B$7*Raw_Model!O19+(1-Inputs!$B$7)*Marginal_Model!O19)) -> 0.00016042698 | K19: =-LN(J19) -> 8.7376717 | L19: =Raw_Model!K19 -> 2.2671969e-08 | M19: =Marginal_Model!L19 -> 4.3184702e-10 | N19: =EXP(-(Inputs!$B$7*Raw_Model!P19+(1-Inputs!$B$7)*Marginal_Model!P19)) -> 1.0267326e-08 | O19: =-LN(N19) -> 18.394299 | P19: =Raw_Model!M19 | Q19: =Marginal_Model!M19 | R19: =IF(P19="","",EXP(-(Inputs!$B$7*Raw_Model!Q19+(1-Inputs!$B$7)*Marginal_Model!Q19))) | S19: =IF(R19="","",-LN(R19))
A20: 2 | B20: =Inputs!$B$6 -> 5 | C20: 8 | D20: =Raw_Model!G20 -> 1.9071127e-06 | E20: =Marginal_Model!J20 -> 1.9071127e-06 | F20: =EXP(-(Inputs!$B$7*Raw_Model!N20+(1-Inputs!$B$7)*Marginal_Model!N20)) -> 1.9071127e-06 | G20: =-LN(F20) -> 13.16992 | H20: =Raw_Model!I20 -> 0.0001852285 | I20: =Marginal_Model!K20 -> 8.8204048e-07 | J20: =EXP(-(Inputs!$B$7*Raw_Model!O20+(1-Inputs!$B$7)*Marginal_Model!O20)) -> 6.3571719e-05 | K20: =-LN(J20) -> 9.6633419 | L20: =Raw_Model!K20 -> 2.3709248e-09 | M20: =Marginal_Model!L20 -> 1.1290118e-11 | N20: =EXP(-(Inputs!$B$7*Raw_Model!P20+(1-Inputs!$B$7)*Marginal_Model!P20)) -> 8.13718e-10 | O20: =-LN(N20) -> 20.929407 | P20: =Raw_Model!M20 | Q20: =Marginal_Model!M20 | R20: =IF(P20="","",EXP(-(Inputs!$B$7*Raw_Model!Q20+(1-Inputs!$B$7)*Marginal_Model!Q20))) | S20: =IF(R20="","",-LN(R20))
A21: 2 | B21: =Inputs!$B$6 -> 5 | C21: 9 | D21: =Raw_Model!G21 -> 1.9925058e-07 | E21: =Marginal_Model!J21 -> 1.9925058e-07 | F21: =EXP(-(Inputs!$B$7*Raw_Model!N21+(1-Inputs!$B$7)*Marginal_Model!N21)) -> 1.9925058e-07 | G21: =-LN(F21) -> 15.428703 | H21: =Raw_Model!I21 -> 0.0001088563 | I21: =Marginal_Model!K21 -> 1.1519185e-07 | J21: =EXP(-(Inputs!$B$7*Raw_Model!O21+(1-Inputs!$B$7)*Marginal_Model!O21)) -> 2.7654589e-05 | K21: =-LN(J21) -> 10.495719 | L21: =Raw_Model!K21 -> 2.7867213e-10 | M21: =Marginal_Model!L21 -> 2.9489115e-13 | N21: =EXP(-(Inputs!$B$7*Raw_Model!P21+(1-Inputs!$B$7)*Marginal_Model!P21)) -> 7.0795749e-11 | O21: =-LN(N21) -> 23.371222 | P21: =Raw_Model!M21 | Q21: =Marginal_Model!M21 | R21: =IF(P21="","",EXP(-(Inputs!$B$7*Raw_Model!Q21+(1-Inputs!$B$7)*Marginal_Model!Q21))) | S21: =IF(R21="","",-LN(R21))
A22: 2 | B22: =Inputs!$B$6 -> 5 | C22: 10 | D22: =Raw_Model!G22 -> 1.8113689e-08 | E22: =Marginal_Model!J22 -> 1.8113689e-08 | F22: =EXP(-(Inputs!$B$7*Raw_Model!N22+(1-Inputs!$B$7)*Marginal_Model!N22)) -> 1.8113689e-08 | G22: =-LN(F22) -> 17.826598 | H22: =Raw_Model!I22 -> 7.0685911e-05 | I22: =Marginal_Model!K22 -> 1.4959981e-08 | J22: =EXP(-(Inputs!$B$7*Raw_Model!O22+(1-Inputs!$B$7)*Marginal_Model!O22)) -> 1.3015249e-05 | K22: =-LN(J22) -> 11.249389 | L22: =Raw_Model!K22 -> 3.6191186e-11 | M22: =Marginal_Model!L22 -> 7.6595103e-15 | N22: =EXP(-(Inputs!$B$7*Raw_Model!P22+(1-Inputs!$B$7)*Marginal_Model!P22)) -> 6.6638077e-12 | O22: =-LN(N22) -> 25.73433 | P22: =Raw_Model!M22 | Q22: =Marginal_Model!M22 | R22: =IF(P22="","",EXP(-(Inputs!$B$7*Raw_Model!Q22+(1-Inputs!$B$7)*Marginal_Model!Q22))) | S22: =IF(R22="","",-LN(R22))
A23: 2 | B23: =Inputs!$B$6 -> 5 | C23: 11 | D23: =Raw_Model!G23 -> 1.3933607e-09 | E23: =Marginal_Model!J23 -> 1.3933607e-09 | F23: =EXP(-(Inputs!$B$7*Raw_Model!N23+(1-Inputs!$B$7)*Marginal_Model!N23)) -> 1.3933607e-09 | G23: =-LN(F23) -> 20.391547 | H23: =Raw_Model!I23 -> 4.9842629e-05 | I23: =Marginal_Model!K23 -> 1.9179463e-09 | J23: =EXP(-(Inputs!$B$7*Raw_Model!O23+(1-Inputs!$B$7)*Marginal_Model!O23)) -> 6.5260146e-06 | K23: =-LN(J23) -> 11.939714 | L23: =Raw_Model!K23 -> 5.1038852e-12 | M23: =Marginal_Model!L23 -> 1.963977e-16 | N23: =EXP(-(Inputs!$B$7*Raw_Model!P23+(1-Inputs!$B$7)*Marginal_Model!P23)) -> 6.682639e-13 | O23: =-LN(N23) -> 28.034093 | P23: =Raw_Model!M23 | Q23: =Marginal_Model!M23 | R23: =IF(P23="","",EXP(-(Inputs!$B$7*Raw_Model!Q23+(1-Inputs!$B$7)*Marginal_Model!Q23))) | S23: =IF(R23="","",-LN(R23))
A24: 2 | B24: =Inputs!$B$6 -> 5 | C24: 12 | D24: =Raw_Model!G24 -> 8.7085042e-11 | E24: =Marginal_Model!J24 -> 8.7085042e-11 | F24: =EXP(-(Inputs!$B$7*Raw_Model!N24+(1-Inputs!$B$7)*Marginal_Model!N24)) -> 8.7085042e-11 | G24: =-LN(F24) -> 23.164136 | H24: =Raw_Model!I24 -> 3.7381972e-05 | I24: =Marginal_Model!K24 -> 2.3974329e-10 | J24: =EXP(-(Inputs!$B$7*Raw_Model!O24+(1-Inputs!$B$7)*Marginal_Model!O24)) -> 3.420417e-06 | K24: =-LN(J24) -> 12.585748 | L24: =Raw_Model!K24 -> 7.6558278e-13 | M24: =Marginal_Model!L24 -> 4.9099425e-18 | N24: =EXP(-(Inputs!$B$7*Raw_Model!P24+(1-Inputs!$B$7)*Marginal_Model!P24)) -> 7.005014e-14 | O24: =-LN(N24) -> 30.289565 | P24: =Raw_Model!M24 | Q24: =Marginal_Model!M24 | R24: =IF(P24="","",EXP(-(Inputs!$B$7*Raw_Model!Q24+(1-Inputs!$B$7)*Marginal_Model!Q24))) | S24: =IF(R24="","",-LN(R24))
A25: 2 | B25: =Inputs!$B$6 -> 5 | C25: 13 | D25: =Raw_Model!G25 -> 4.1469067e-12 | E25: =Marginal_Model!J25 -> 4.1469067e-12 | F25: =EXP(-(Inputs!$B$7*Raw_Model!N25+(1-Inputs!$B$7)*Marginal_Model!N25)) -> 4.1469067e-12 | G25: =-LN(F25) -> 26.208658 | H25: =Raw_Model!I25 -> 2.8926526e-05 | I25: =Marginal_Model!K25 -> 2.8540867e-11 | J25: =EXP(-(Inputs!$B$7*Raw_Model!O25+(1-Inputs!$B$7)*Marginal_Model!O25)) -> 1.8202476e-06 | K25: =-LN(J25) -> 13.216538 | L25: =Raw_Model!K25 -> 1.1848305e-13 | M25: =Marginal_Model!L25 -> 1.1690339e-19 | N25: =EXP(-(Inputs!$B$7*Raw_Model!P25+(1-Inputs!$B$7)*Marginal_Model!P25)) -> 7.455734e-15 | O25: =-LN(N25) -> 32.529793 | P25: =Raw_Model!M25 | Q25: =Marginal_Model!M25 | R25: =IF(P25="","",EXP(-(Inputs!$B$7*Raw_Model!Q25+(1-Inputs!$B$7)*Marginal_Model!Q25))) | S25: =IF(R25="","",-LN(R25))
A26: 2 | B26: =Inputs!$B$6 -> 5 | C26: 14 | D26: =Raw_Model!G26 -> 1.3377119e-13 | E26: =Marginal_Model!J26 -> 1.3377119e-13 | F26: =EXP(-(Inputs!$B$7*Raw_Model!N26+(1-Inputs!$B$7)*Marginal_Model!N26)) -> 1.3377119e-13 | G26: =-LN(F26) -> 29.642646 | H26: =Raw_Model!I26 -> 2.1772654e-05 | I26: =Marginal_Model!K26 -> 3.0689105e-12 | J26: =EXP(-(Inputs!$B$7*Raw_Model!O26+(1-Inputs!$B$7)*Marginal_Model!O26)) -> 9.2838035e-07 | K26: =-LN(J26) -> 13.889824 | L26: =Raw_Model!K26 -> 1.7836158e-14 | M26: =Marginal_Model!L26 -> 2.5140515e-21 | N26: =EXP(-(Inputs!$B$7*Raw_Model!P26+(1-Inputs!$B$7)*Marginal_Model!P26)) -> 7.6052918e-16 | O26: =-LN(N26) -> 34.812517 | P26: =Raw_Model!M26 | Q26: =Marginal_Model!M26 | R26: =IF(P26="","",EXP(-(Inputs!$B$7*Raw_Model!Q26+(1-Inputs!$B$7)*Marginal_Model!Q26))) | S26: =IF(R26="","",-LN(R26))
A27: 2 | B27: =Inputs!$B$6 -> 5 | C27: 15 | D27: =Raw_Model!G27 -> 2.1929703e-15 | E27: =Marginal_Model!J27 -> 2.1929703e-15 | F27: =EXP(-(Inputs!$B$7*Raw_Model!N27+(1-Inputs!$B$7)*Marginal_Model!N27)) -> 2.1929703e-15 | G27: =-LN(F27) -> 33.753519 | H27: =Raw_Model!I27 -> 1.3384828e-05 | I27: =Marginal_Model!K27 -> 2.5155004e-13 | J27: =EXP(-(Inputs!$B$7*Raw_Model!O27+(1-Inputs!$B$7)*Marginal_Model!O27)) -> 3.8143024e-07 | K27: =-LN(J27) -> 14.779338 | L27: =Raw_Model!K27 -> 2.1929703e-15 | M27: =Marginal_Model!L27 -> 4.1213958e-23 | N27: =EXP(-(Inputs!$B$7*Raw_Model!P27+(1-Inputs!$B$7)*Marginal_Model!P27)) -> 6.249353e-17 | O27: =-LN(N27) -> 37.311469 | P27: =Raw_Model!M27 | Q27: =Marginal_Model!M27 | R27: =IF(P27="","",EXP(-(Inputs!$B$7*Raw_Model!Q27+(1-Inputs!$B$7)*Marginal_Model!Q27))) | S27: =IF(R27="","",-LN(R27))

Sheet ReadMe
A1: Archmage Scoring Probability Workbook
A3: Sheet | B3: Purpose
A4: Inputs | B4: Change ranks, deck energies, and alpha. Current defaults: ranks=15, Deck 1 E=4, Deck 2 E=5, alpha=0.80.
A5: Raw_Model | B5: Pure final-state probability: valid exact n-card spell subsets / all n-card subsets.
A6: Marginal_Model | B6: Pure incremental build-path probability: raw 3-card base probability multiplied by realistic extension probabilities.
A7: Combined_Model | B7: Log-space blend of raw and marginal difficulty. Combined probability = geometric blend of the two probabilities.
A8: No rounding | B8: The workbook outputs probabilities and -LN(probability) difficulties only; no integer score scaling is applied.
A9: Final_Tables | B9: Side-by-side unrounded tables for Raw, Marginal, and Combined probabilities and -LN(probability) difficulties.
A11: Cross-check | B11: Deck | C11: Size | D11: Conj raw prob | E11: PT raw prob
A12: 15C = 15PT | B12: 1 | C12: 15 | D12: =Raw_Model!G14 -> 7.5196325e-14 | E12: =Raw_Model!K14 -> 7.5196325e-14
A13: 15C = 15PT | B13: 2 | C13: 15 | D13: =Raw_Model!G27 -> 2.1929703e-15 | E13: =Raw_Model!K27 -> 2.1929703e-15
A15: Fixed-opportunity implementation
A16: Fixed_Opportunity uses the same opportunity denominator C(deck,m) across all spell sizes. The editable m value is Inputs!B9.
A17: The sheet computes expected opportunities: valid_count × COMBIN(N-n,m-n) / COMBIN(N,m).
A18: It then gives a bounded P>=1 estimate via 1-EXP(-expected opportunities). This is not an exact inclusion-exclusion union over overlapping spells, but it is the stable same-denominator comparison layer for scoring.
A19: Combined_Fixed_Model replaces the old exact-size raw layer with fixed-opportunity difficulty, then blends with marginal-build difficulty using alpha.
A20: Use Final_Fixed_Tables for the current comparison tables.

Sheet Final_Tables
A1: Final unrounded comparison tables
A2: All values are formula-linked to Raw_Model, Marginal_Model, and Combined_Model. No rounding or score scaling is applied. Probabilities use scientific notation; difficulty tables use -LN(probability).
A4: Deck 1 — probabilities
A5: Size | B5: Raw C | C5: Raw T | D5: Raw PT | E5: Raw Ench | F5: Marginal C | G5: Marginal T | H5: Marginal PT | I5: Marginal Ench | J5: Combined C | K5: Combined T | L5: Combined PT | M5: Combined Ench
A6: =Raw_Model!C2 -> 3 | B6: =Raw_Model!G2 -> 0.053185272 | C6: =Raw_Model!I2 -> 0.024313267 | D6: =Raw_Model!K2 -> 0.0015195792 | E6: =Raw_Model!M2 -> 0.0017533606 | F6: =Marginal_Model!J2 -> 0.053185272 | G6: =Marginal_Model!K2 -> 0.024313267 | H6: =Marginal_Model!L2 -> 0.0015195792 | I6: =Marginal_Model!M2 -> 0.0017533606 | J6: =Combined_Model!F2 -> 0.053185272 | K6: =Combined_Model!J2 -> 0.024313267 | L6: =Combined_Model!N2 -> 0.0015195792 | M6: =Combined_Model!R2 -> 0.0017533606
A7: =Raw_Model!C3 -> 4 | B7: =Raw_Model!G3 -> 0.011196899 | C7: =Raw_Model!I3 -> 0.0062997939 | D7: =Raw_Model!K3 -> 9.843428e-05 | E7: =Raw_Model!M3 -> 3.0760712e-05 | F7: =Marginal_Model!J3 -> 0.011196899 | G7: =Marginal_Model!K3 -> 0.003149897 | H7: =Marginal_Model!L3 -> 4.921714e-05 | I7: =Marginal_Model!M3 -> 3.0760712e-05 | J7: =Combined_Model!F3 -> 0.011196899 | K7: =Combined_Model!J3 -> 0.0054842891 | L7: =Combined_Model!N3 -> 8.5692018e-05 | M7: =Combined_Model!R3 -> 3.0760712e-05
A8: =Raw_Model!C4 -> 5 | B8: =Raw_Model!G4 -> 0.0021993909 | C8: =Raw_Model!I4 -> 0.0020624325 | D8: =Raw_Model!K4 -> 8.0563771e-06 | F8: =Marginal_Model!J4 -> 0.0021993909 | G8: =Marginal_Model!K4 -> 0.00041248651 | H8: =Marginal_Model!L4 -> 1.6112754e-06 | J8: =Combined_Model!F4 -> 0.0021993909 | K8: =Combined_Model!J4 -> 0.0014948092 | L8: =Combined_Model!N4 -> 5.8390983e-06
A9: =Raw_Model!C5 -> 6 | B9: =Raw_Model!G5 -> 0.00039988926 | C9: =Raw_Model!I5 -> 0.00081815505 | D9: =Raw_Model!K5 -> 7.9897954e-07 | F9: =Marginal_Model!J5 -> 0.00039988926 | G9: =Marginal_Model!K5 -> 5.454367e-05 | H9: =Marginal_Model!L5 -> 5.3265303e-08 | J9: =Combined_Model!F5 -> 0.00039988926 | K9: =Combined_Model!J5 -> 0.00047601141 | L9: =Combined_Model!N5 -> 4.6485489e-07
A10: =Raw_Model!C6 -> 7 | B10: =Raw_Model!G6 -> 6.664821e-05 | C10: =Raw_Model!I6 -> 0.00038180569 | D10: =Raw_Model!K6 -> 9.321428e-08 | F10: =Marginal_Model!J6 -> 6.664821e-05 | G10: =Marginal_Model!K6 -> 7.2724894e-06 | H10: =Marginal_Model!L6 -> 1.7755101e-09 | J10: =Combined_Model!F6 -> 6.664821e-05 | K10: =Combined_Model!J6 -> 0.00017290619 | L10: =Combined_Model!N6 -> 4.2213425e-08
A11: =Raw_Model!C7 -> 8 | B11: =Raw_Model!G7 -> 1.0060107e-05 | C11: =Raw_Model!I7 -> 0.00020491039 | D11: =Raw_Model!K7 -> 1.2506738e-08 | F11: =Marginal_Model!J7 -> 1.0060107e-05 | G11: =Marginal_Model!K7 -> 9.7576377e-07 | H11: =Marginal_Model!L7 -> 5.9555894e-11 | J11: =Combined_Model!F7 -> 1.0060107e-05 | K11: =Combined_Model!J7 -> 7.0326682e-05 | L11: =Combined_Model!N7 -> 4.2924e-09
A12: =Raw_Model!C8 -> 9 | B12: =Raw_Model!G8 -> 1.3542452e-06 | C12: =Raw_Model!I8 -> 0.00012412841 | D12: =Raw_Model!K8 -> 1.8940492e-09 | F12: =Marginal_Model!J8 -> 1.3542452e-06 | G12: =Marginal_Model!K8 -> 1.3135282e-07 | H12: =Marginal_Model!L8 -> 2.0042849e-12 | J12: =Combined_Model!F8 -> 1.3542452e-06 | K12: =Combined_Model!J8 -> 3.1534419e-05 | L12: =Combined_Model!N8 -> 4.8117705e-10
A13: =Raw_Model!C9 -> 10 | B13: =Raw_Model!G9 -> 1.5932296e-07 | C13: =Raw_Model!I9 -> 8.3447671e-05 | D13: =Raw_Model!K9 -> 3.183276e-10 | F13: =Marginal_Model!J9 -> 1.5932296e-07 | G13: =Marginal_Model!K9 -> 1.7660883e-08 | H13: =Marginal_Model!L9 -> 6.7370921e-14 | J13: =Combined_Model!F9 -> 1.5932296e-07 | K13: =Combined_Model!J9 -> 1.5365046e-05 | L13: =Combined_Model!N9 -> 5.8612998e-11
A14: =Raw_Model!C10 -> 11 | B14: =Raw_Model!G10 -> 1.5932296e-08 | C14: =Raw_Model!I10 -> 6.1194959e-05 | D14: =Raw_Model!K10 -> 5.836006e-11 | F14: =Marginal_Model!J10 -> 1.5932296e-08 | G14: =Marginal_Model!K10 -> 2.3547844e-09 | H14: =Marginal_Model!L10 -> 2.2456974e-15 | J14: =Combined_Model!F10 -> 1.5932296e-08 | K14: =Combined_Model!J10 -> 8.0124023e-06 | L14: =Combined_Model!N10 -> 7.6412223e-12
A15: =Raw_Model!C11 -> 12 | B15: =Raw_Model!G11 -> 1.3005956e-09 | C15: =Raw_Model!I11 -> 4.7956866e-05 | D15: =Raw_Model!K11 -> 1.1433808e-11 | F15: =Marginal_Model!J11 -> 1.3005956e-09 | G15: =Marginal_Model!K11 -> 3.0756367e-10 | H15: =Marginal_Model!L11 -> 7.3328894e-17 | J15: =Combined_Model!F11 -> 1.3005956e-09 | K15: =Combined_Model!J11 -> 4.3880103e-06 | L15: =Combined_Model!N11 -> 1.0461832e-12
A16: =Raw_Model!C12 -> 13 | B16: =Raw_Model!G12 -> 8.1287227e-11 | C16: =Raw_Model!I12 -> 3.8964953e-05 | D16: =Raw_Model!K12 -> 2.3224922e-12 | F16: =Marginal_Model!J12 -> 8.1287227e-11 | G16: =Marginal_Model!K12 -> 3.8445459e-11 | H16: =Marginal_Model!L12 -> 2.2915279e-18 | J16: =Combined_Model!F12 -> 8.1287227e-11 | K16: =Combined_Model!J12 -> 2.4519315e-06 | L16: =Combined_Model!N12 -> 1.4614651e-13
A17: =Raw_Model!C13 -> 14 | B17: =Raw_Model!G13 -> 3.4590309e-12 | C17: =Raw_Model!I13 -> 3.0950885e-05 | D17: =Raw_Model!K13 -> 4.6120412e-13 | F17: =Marginal_Model!J13 -> 3.4590309e-12 | G17: =Marginal_Model!K13 -> 4.3626053e-12 | H17: =Marginal_Model!L13 -> 6.5007884e-20 | J17: =Combined_Model!F13 -> 3.4590309e-12 | K17: =Combined_Model!J13 -> 1.3197378e-06 | L17: =Combined_Model!N13 -> 1.9665625e-14
A18: =Raw_Model!C14 -> 15 | B18: =Raw_Model!G14 -> 7.5196325e-14 | C18: =Raw_Model!I14 -> 2.018536e-05 | D18: =Raw_Model!K14 -> 7.5196325e-14 | F18: =Marginal_Model!J14 -> 7.5196325e-14 | G18: =Marginal_Model!K14 -> 3.7935698e-13 | H18: =Marginal_Model!L14 -> 1.4132149e-21 | J18: =Combined_Model!F14 -> 7.5196325e-14 | K18: =Combined_Model!J14 -> 5.752264e-07 | L18: =Combined_Model!N14 -> 2.1428853e-15
A21: Deck 1 — -LN(probability) difficulties
A22: Size | B22: Raw C | C22: Raw T | D22: Raw PT | E22: Raw Ench | F22: Marginal C | G22: Marginal T | H22: Marginal PT | I22: Marginal Ench | J22: Combined C | K22: Combined T | L22: Combined PT | M22: Combined Ench
A23: =Raw_Model!C2 -> 3 | B23: =Raw_Model!N2 -> 2.9339738 | C23: =Raw_Model!O2 -> 3.7167331 | D23: =Raw_Model!P2 -> 6.4893218 | E23: =Raw_Model!Q2 -> 6.346221 | F23: =Marginal_Model!N2 -> 2.9339738 | G23: =Marginal_Model!O2 -> 3.7167331 | H23: =Marginal_Model!P2 -> 6.4893218 | I23: =Marginal_Model!Q2 -> 6.346221 | J23: =Combined_Model!G2 -> 2.9339738 | K23: =Combined_Model!K2 -> 3.7167331 | L23: =Combined_Model!O2 -> 6.4893218 | M23: =Combined_Model!S2 -> 6.346221
A24: =Raw_Model!C3 -> 4 | B24: =Raw_Model!N3 -> 4.4921184 | C24: =Raw_Model!O3 -> 5.0672384 | D24: =Raw_Model!P3 -> 9.2261214 | E24: =Raw_Model!Q3 -> 10.389272 | F24: =Marginal_Model!N3 -> 4.4921184 | G24: =Marginal_Model!O3 -> 5.7603855 | H24: =Marginal_Model!P3 -> 9.9192686 | I24: =Marginal_Model!Q3 -> 10.389272 | J24: =Combined_Model!G3 -> 4.4921184 | K24: =Combined_Model!K3 -> 5.2058678 | L24: =Combined_Model!O3 -> 9.3647509 | M24: =Combined_Model!S3 -> 10.389272
A25: =Raw_Model!C4 -> 5 | B25: =Raw_Model!N4 -> 6.1195748 | C25: =Raw_Model!O4 -> 6.1838692 | D25: =Raw_Model!P4 -> 11.729047 | F25: =Marginal_Model!N4 -> 6.1195748 | G25: =Marginal_Model!O4 -> 7.7933071 | H25: =Marginal_Model!P4 -> 13.338485 | J25: =Combined_Model!G4 -> 6.1195748 | K25: =Combined_Model!K4 -> 6.5057567 | L25: =Combined_Model!O4 -> 12.050934
A26: =Raw_Model!C5 -> 6 | B26: =Raw_Model!N5 -> 7.8243229 | C26: =Raw_Model!O5 -> 7.1084587 | D26: =Raw_Model!P5 -> 14.03993 | F26: =Marginal_Model!N5 -> 7.8243229 | G26: =Marginal_Model!O5 -> 9.8165089 | H26: =Marginal_Model!P5 -> 16.747981 | J26: =Combined_Model!G5 -> 7.8243229 | K26: =Combined_Model!K5 -> 7.6500687 | L26: =Combined_Model!O5 -> 14.581541
A27: =Raw_Model!C6 -> 7 | B27: =Raw_Model!N6 -> 9.6160824 | C27: =Raw_Model!O6 -> 7.8705987 | D27: =Raw_Model!P6 -> 16.188365 | F27: =Marginal_Model!N6 -> 9.6160824 | G27: =Marginal_Model!O6 -> 11.831412 | H27: =Marginal_Model!P6 -> 20.149178 | J27: =Combined_Model!G6 -> 9.6160824 | K27: =Combined_Model!K6 -> 8.6627614 | L27: =Combined_Model!O6 -> 16.980528
A28: =Raw_Model!C7 -> 8 | B28: =Raw_Model!N7 -> 11.506933 | C28: =Raw_Model!O7 -> 8.4929378 | D28: =Raw_Model!P7 -> 18.196998 | F28: =Marginal_Model!N7 -> 11.506933 | G28: =Marginal_Model!O7 -> 13.840045 | H28: =Marginal_Model!P7 -> 23.544106 | J28: =Combined_Model!G7 -> 11.506933 | K28: =Combined_Model!K7 -> 9.5623593 | L28: =Combined_Model!O7 -> 19.26642
A29: =Raw_Model!C8 -> 9 | B29: =Raw_Model!N8 -> 13.512266 | C29: =Raw_Model!O8 -> 8.994194 | D29: =Raw_Model!P8 -> 20.084549 | F29: =Marginal_Model!N8 -> 13.512266 | G29: =Marginal_Model!O8 -> 15.845379 | H29: =Marginal_Model!P8 -> 26.935734 | J29: =Combined_Model!G8 -> 13.512266 | K29: =Combined_Model!K8 -> 10.364431 | L29: =Combined_Model!O8 -> 21.454786
A30: =Raw_Model!C9 -> 10 | B30: =Raw_Model!N9 -> 15.652332 | C30: =Raw_Model!O9 -> 9.3912908 | D30: =Raw_Model!P9 -> 21.86794 | F30: =Marginal_Model!N9 -> 15.652332 | G30: =Marginal_Model!O9 -> 17.851914 | H30: =Marginal_Model!P9 -> 30.328563 | J30: =Combined_Model!G9 -> 15.652332 | K30: =Combined_Model!K9 -> 11.083415 | L30: =Combined_Model!O9 -> 23.560065
A31: =Raw_Model!C10 -> 11 | B31: =Raw_Model!N10 -> 17.954918 | C31: =Raw_Model!O10 -> 9.7014457 | D31: =Raw_Model!P10 -> 23.564389 | F31: =Marginal_Model!N10 -> 17.954918 | G31: =Marginal_Model!O10 -> 19.866817 | H31: =Marginal_Model!P10 -> 33.72976 | J31: =Combined_Model!G10 -> 17.954918 | K31: =Combined_Model!K10 -> 11.73452 | L31: =Combined_Model!O10 -> 25.597464
A32: =Raw_Model!C11 -> 12 | B32: =Raw_Model!N11 -> 20.460443 | C32: =Raw_Model!O11 -> 9.9452086 | D32: =Raw_Model!P11 -> 25.194447 | F32: =Marginal_Model!N11 -> 20.460443 | G32: =Marginal_Model!O11 -> 21.902339 | H32: =Marginal_Model!P11 -> 37.151577 | J32: =Combined_Model!G11 -> 20.460443 | K32: =Combined_Model!K11 -> 12.336635 | L32: =Combined_Model!O11 -> 27.585873
A33: =Raw_Model!C12 -> 13 | B33: =Raw_Model!N12 -> 23.233032 | C33: =Raw_Model!O12 -> 10.152848 | D33: =Raw_Model!P12 -> 26.78838 | F33: =Marginal_Model!N12 -> 23.233032 | G33: =Marginal_Model!O12 -> 23.981781 | H33: =Marginal_Model!P12 -> 40.617313 | J33: =Combined_Model!G12 -> 23.233032 | K33: =Combined_Model!K12 -> 12.918634 | L33: =Combined_Model!O12 -> 29.554167
A34: =Raw_Model!C13 -> 14 | B34: =Raw_Model!N13 -> 26.390033 | C34: =Raw_Model!O13 -> 10.383109 | D34: =Raw_Model!P13 -> 28.404936 | F34: =Marginal_Model!N13 -> 26.390033 | G34: =Marginal_Model!O13 -> 26.157952 | H34: =Marginal_Model!P13 -> 44.179778 | J34: =Combined_Model!G13 -> 26.390033 | K34: =Combined_Model!K13 -> 13.538078 | L34: =Combined_Model!O13 -> 31.559904
A35: =Raw_Model!C14 -> 15 | B35: =Raw_Model!N14 -> 30.218674 | C35: =Raw_Model!O14 -> 10.810553 | D35: =Raw_Model!P14 -> 30.218674 | F35: =Marginal_Model!N14 -> 30.218674 | G35: =Marginal_Model!O14 -> 28.600299 | H35: =Marginal_Model!P14 -> 48.00842 | J35: =Combined_Model!G14 -> 30.218674 | K35: =Combined_Model!K14 -> 14.368502 | L35: =Combined_Model!O14 -> 33.776623
A39: Deck 2 — probabilities
A40: Size | B40: Raw C | C40: Raw T | D40: Raw PT | E40: Raw Ench | F40: Marginal C | G40: Marginal T | H40: Marginal PT | I40: Marginal Ench | J40: Combined C | K40: Combined T | L40: Combined PT | M40: Combined Ench
A41: =Raw_Model!C15 -> 3 | B41: =Raw_Model!G15 -> 0.033691225 | C41: =Raw_Model!I15 -> 0.024065161 | D41: =Raw_Model!K15 -> 0.00096260644 | E41: =Raw_Model!M15 -> 0.0022213995 | F41: =Marginal_Model!J15 -> 0.033691225 | G41: =Marginal_Model!K15 -> 0.024065161 | H41: =Marginal_Model!L15 -> 0.00096260644 | I41: =Marginal_Model!M15 -> 0.0022213995 | J41: =Combined_Model!F15 -> 0.033691225 | K41: =Combined_Model!J15 -> 0.024065161 | L41: =Combined_Model!N15 -> 0.00096260644 | M41: =Combined_Model!R15 -> 0.0022213995
A42: =Raw_Model!C16 -> 4 | B42: =Raw_Model!G16 -> 0.0056152042 | C42: =Raw_Model!I16 -> 0.0061705541 | D42: =Raw_Model!K16 -> 4.9364433e-05 | E42: =Raw_Model!M16 -> 6.1705541e-05 | F42: =Marginal_Model!J16 -> 0.0056152042 | G42: =Marginal_Model!K16 -> 0.0030852771 | H42: =Marginal_Model!L16 -> 2.4682216e-05 | I42: =Marginal_Model!M16 -> 6.1705541e-05 | J42: =Combined_Model!F16 -> 0.0056152042 | K42: =Combined_Model!J16 -> 0.0053717794 | L42: =Combined_Model!N16 -> 4.2974235e-05 | M42: =Combined_Model!R16 -> 6.1705541e-05
A43: =Raw_Model!C17 -> 5 | B43: =Raw_Model!G17 -> 0.00086996122 | C43: =Raw_Model!I17 -> 0.0019916695 | D43: =Raw_Model!K17 -> 3.1866711e-06 | E43: =Raw_Model!M17 -> 8.6909213e-07 | F43: =Marginal_Model!J17 -> 0.00086996122 | G43: =Marginal_Model!K17 -> 0.00039833389 | H43: =Marginal_Model!L17 -> 6.3733423e-07 | I43: =Marginal_Model!M17 -> 8.6909213e-07 | J43: =Combined_Model!F17 -> 0.00086996122 | K43: =Combined_Model!J17 -> 0.0014435215 | L43: =Combined_Model!N17 -> 2.3096344e-06 | M43: =Combined_Model!R17 -> 8.6909213e-07
A44: =Raw_Model!C18 -> 6 | B44: =Raw_Model!G18 -> 0.00012428017 | C44: =Raw_Model!I18 -> 0.00077597512 | D44: =Raw_Model!K18 -> 2.4831204e-07 | F44: =Marginal_Model!J18 -> 0.00012428017 | G44: =Marginal_Model!K18 -> 5.1731674e-05 | H44: =Marginal_Model!L18 -> 1.6554136e-08 | J44: =Combined_Model!F18 -> 0.00012428017 | K44: =Combined_Model!J18 -> 0.00045147067 | L44: =Combined_Model!N18 -> 1.4447061e-07
A45: =Raw_Model!C19 -> 7 | B45: =Raw_Model!G19 -> 1.6210458e-05 | C45: =Raw_Model!I19 -> 0.00035424951 | D45: =Raw_Model!K19 -> 2.2671969e-08 | F45: =Marginal_Model!J19 -> 1.6210458e-05 | G45: =Marginal_Model!K19 -> 6.7476097e-06 | H45: =Marginal_Model!L19 -> 4.3184702e-10 | J45: =Combined_Model!F19 -> 1.6210458e-05 | K45: =Combined_Model!J19 -> 0.00016042698 | L45: =Combined_Model!N19 -> 1.0267326e-08
A46: =Raw_Model!C20 -> 8 | B46: =Raw_Model!G20 -> 1.9071127e-06 | C46: =Raw_Model!I20 -> 0.0001852285 | D46: =Raw_Model!K20 -> 2.3709248e-09 | F46: =Marginal_Model!J20 -> 1.9071127e-06 | G46: =Marginal_Model!K20 -> 8.8204048e-07 | H46: =Marginal_Model!L20 -> 1.1290118e-11 | J46: =Combined_Model!F20 -> 1.9071127e-06 | K46: =Combined_Model!J20 -> 6.3571719e-05 | L46: =Combined_Model!N20 -> 8.13718e-10
A47: =Raw_Model!C21 -> 9 | B47: =Raw_Model!G21 -> 1.9925058e-07 | C47: =Raw_Model!I21 -> 0.0001088563 | D47: =Raw_Model!K21 -> 2.7867213e-10 | F47: =Marginal_Model!J21 -> 1.9925058e-07 | G47: =Marginal_Model!K21 -> 1.1519185e-07 | H47: =Marginal_Model!L21 -> 2.9489115e-13 | J47: =Combined_Model!F21 -> 1.9925058e-07 | K47: =Combined_Model!J21 -> 2.7654589e-05 | L47: =Combined_Model!N21 -> 7.0795749e-11
A48: =Raw_Model!C22 -> 10 | B48: =Raw_Model!G22 -> 1.8113689e-08 | C48: =Raw_Model!I22 -> 7.0685911e-05 | D48: =Raw_Model!K22 -> 3.6191186e-11 | F48: =Marginal_Model!J22 -> 1.8113689e-08 | G48: =Marginal_Model!K22 -> 1.4959981e-08 | H48: =Marginal_Model!L22 -> 7.6595103e-15 | J48: =Combined_Model!F22 -> 1.8113689e-08 | K48: =Combined_Model!J22 -> 1.3015249e-05 | L48: =Combined_Model!N22 -> 6.6638077e-12
A49: =Raw_Model!C23 -> 11 | B49: =Raw_Model!G23 -> 1.3933607e-09 | C49: =Raw_Model!I23 -> 4.9842629e-05 | D49: =Raw_Model!K23 -> 5.1038852e-12 | F49: =Marginal_Model!J23 -> 1.3933607e-09 | G49: =Marginal_Model!K23 -> 1.9179463e-09 | H49: =Marginal_Model!L23 -> 1.963977e-16 | J49: =Combined_Model!F23 -> 1.3933607e-09 | K49: =Combined_Model!J23 -> 6.5260146e-06 | L49: =Combined_Model!N23 -> 6.682639e-13
A50: =Raw_Model!C24 -> 12 | B50: =Raw_Model!G24 -> 8.7085042e-11 | C50: =Raw_Model!I24 -> 3.7381972e-05 | D50: =Raw_Model!K24 -> 7.6558278e-13 | F50: =Marginal_Model!J24 -> 8.7085042e-11 | G50: =Marginal_Model!K24 -> 2.3974329e-10 | H50: =Marginal_Model!L24 -> 4.9099425e-18 | J50: =Combined_Model!F24 -> 8.7085042e-11 | K50: =Combined_Model!J24 -> 3.420417e-06 | L50: =Combined_Model!N24 -> 7.005014e-14
A51: =Raw_Model!C25 -> 13 | B51: =Raw_Model!G25 -> 4.1469067e-12 | C51: =Raw_Model!I25 -> 2.8926526e-05 | D51: =Raw_Model!K25 -> 1.1848305e-13 | F51: =Marginal_Model!J25 -> 4.1469067e-12 | G51: =Marginal_Model!K25 -> 2.8540867e-11 | H51: =Marginal_Model!L25 -> 1.1690339e-19 | J51: =Combined_Model!F25 -> 4.1469067e-12 | K51: =Combined_Model!J25 -> 1.8202476e-06 | L51: =Combined_Model!N25 -> 7.455734e-15
A52: =Raw_Model!C26 -> 14 | B52: =Raw_Model!G26 -> 1.3377119e-13 | C52: =Raw_Model!I26 -> 2.1772654e-05 | D52: =Raw_Model!K26 -> 1.7836158e-14 | F52: =Marginal_Model!J26 -> 1.3377119e-13 | G52: =Marginal_Model!K26 -> 3.0689105e-12 | H52: =Marginal_Model!L26 -> 2.5140515e-21 | J52: =Combined_Model!F26 -> 1.3377119e-13 | K52: =Combined_Model!J26 -> 9.2838035e-07 | L52: =Combined_Model!N26 -> 7.6052918e-16
A53: =Raw_Model!C27 -> 15 | B53: =Raw_Model!G27 -> 2.1929703e-15 | C53: =Raw_Model!I27 -> 1.3384828e-05 | D53: =Raw_Model!K27 -> 2.1929703e-15 | F53: =Marginal_Model!J27 -> 2.1929703e-15 | G53: =Marginal_Model!K27 -> 2.5155004e-13 | H53: =Marginal_Model!L27 -> 4.1213958e-23 | J53: =Combined_Model!F27 -> 2.1929703e-15 | K53: =Combined_Model!J27 -> 3.8143024e-07 | L53: =Combined_Model!N27 -> 6.249353e-17
A56: Deck 2 — -LN(probability) difficulties
A57: Size | B57: Raw C | C57: Raw T | D57: Raw PT | E57: Raw Ench | F57: Marginal C | G57: Marginal T | H57: Marginal PT | I57: Marginal Ench | J57: Combined C | K57: Combined T | L57: Combined PT | M57: Combined Ench
A58: =Raw_Model!C15 -> 3 | B58: =Raw_Model!N15 -> 3.3905178 | C58: =Raw_Model!O15 -> 3.7269901 | D58: =Raw_Model!P15 -> 6.9458659 | E58: =Raw_Model!Q15 -> 6.1096179 | F58: =Marginal_Model!N15 -> 3.3905178 | G58: =Marginal_Model!O15 -> 3.7269901 | H58: =Marginal_Model!P15 -> 6.9458659 | I58: =Marginal_Model!Q15 -> 6.1096179 | J58: =Combined_Model!G15 -> 3.3905178 | K58: =Combined_Model!K15 -> 3.7269901 | L58: =Combined_Model!O15 -> 6.9458659 | M58: =Combined_Model!S15 -> 6.1096179
A59: =Raw_Model!C16 -> 4 | B59: =Raw_Model!N16 -> 5.1822773 | C59: =Raw_Model!O16 -> 5.0879666 | D59: =Raw_Model!P16 -> 9.9162804 | E59: =Raw_Model!Q16 -> 9.6931368 | F59: =Marginal_Model!N16 -> 5.1822773 | G59: =Marginal_Model!O16 -> 5.7811138 | H59: =Marginal_Model!P16 -> 10.609428 | I59: =Marginal_Model!Q16 -> 9.6931368 | J59: =Combined_Model!G16 -> 5.1822773 | K59: =Combined_Model!K16 -> 5.2265961 | L59: =Combined_Model!O16 -> 10.05491 | M59: =Combined_Model!S16 -> 9.6931368
A60: =Raw_Model!C17 -> 5 | B60: =Raw_Model!N17 -> 7.0470619 | C60: =Raw_Model!O17 -> 6.2187821 | D60: =Raw_Model!P17 -> 12.656534 | E60: =Raw_Model!Q17 -> 13.955817 | F60: =Marginal_Model!N17 -> 7.0470619 | G60: =Marginal_Model!O17 -> 7.82822 | H60: =Marginal_Model!P17 -> 14.265972 | I60: =Marginal_Model!Q17 -> 13.955817 | J60: =Combined_Model!G17 -> 7.0470619 | K60: =Combined_Model!K17 -> 6.5406696 | L60: =Combined_Model!O17 -> 12.978421 | M60: =Combined_Model!S17 -> 13.955817
A61: =Raw_Model!C18 -> 6 | B61: =Raw_Model!N18 -> 8.9929721 | C61: =Raw_Model!O18 -> 7.1613901 | D61: =Raw_Model!P18 -> 15.20858 | F61: =Marginal_Model!N18 -> 8.9929721 | G61: =Marginal_Model!O18 -> 9.8694403 | H61: =Marginal_Model!P18 -> 17.91663 | J61: =Combined_Model!G18 -> 8.9929721 | K61: =Combined_Model!K18 -> 7.7030001 | L61: =Combined_Model!O18 -> 15.75019
A62: =Raw_Model!C19 -> 7 | B62: =Raw_Model!N19 -> 11.029854 | C62: =Raw_Model!O19 -> 7.9455091 | D62: =Raw_Model!P19 -> 17.602137 | F62: =Marginal_Model!N19 -> 11.029854 | G62: =Marginal_Model!O19 -> 11.906322 | H62: =Marginal_Model!P19 -> 21.56295 | J62: =Combined_Model!G19 -> 11.029854 | K62: =Combined_Model!K19 -> 8.7376717 | L62: =Combined_Model!O19 -> 18.394299
A63: =Raw_Model!C20 -> 8 | B63: =Raw_Model!N20 -> 13.16992 | C63: =Raw_Model!O20 -> 8.5939204 | D63: =Raw_Model!P20 -> 19.859986 | F63: =Marginal_Model!N20 -> 13.16992 | G63: =Marginal_Model!O20 -> 13.941028 | H63: =Marginal_Model!P20 -> 25.207093 | J63: =Combined_Model!G20 -> 13.16992 | K63: =Combined_Model!K20 -> 9.6633419 | L63: =Combined_Model!O20 -> 20.929407
A64: =Raw_Model!C21 -> 9 | B64: =Raw_Model!N21 -> 15.428703 | C64: =Raw_Model!O21 -> 9.1254819 | D64: =Raw_Model!P21 -> 22.000985 | F64: =Marginal_Model!N21 -> 15.428703 | G64: =Marginal_Model!O21 -> 15.976667 | H64: =Marginal_Model!P21 -> 28.85217 | J64: =Combined_Model!G21 -> 15.428703 | K64: =Combined_Model!K21 -> 10.495719 | L64: =Combined_Model!O21 -> 23.371222
A65: =Raw_Model!C22 -> 10 | B65: =Raw_Model!N22 -> 17.826598 | C65: =Raw_Model!O22 -> 9.5572643 | D65: =Raw_Model!P22 -> 24.042206 | F65: =Marginal_Model!N22 -> 17.826598 | G65: =Marginal_Model!O22 -> 18.017887 | H65: =Marginal_Model!P22 -> 32.502828 | J65: =Combined_Model!G22 -> 17.826598 | K65: =Combined_Model!K22 -> 11.249389 | L65: =Combined_Model!O22 -> 25.73433
A66: =Raw_Model!C23 -> 11 | B66: =Raw_Model!N23 -> 20.391547 | C66: =Raw_Model!O23 -> 9.9066399 | D66: =Raw_Model!P23 -> 26.001019 | F66: =Marginal_Model!N23 -> 20.391547 | G66: =Marginal_Model!O23 -> 20.072011 | H66: =Marginal_Model!P23 -> 36.16639 | J66: =Combined_Model!G23 -> 20.391547 | K66: =Combined_Model!K23 -> 11.939714 | L66: =Combined_Model!O23 -> 28.034093
A67: =Raw_Model!C24 -> 12 | B67: =Raw_Model!N24 -> 23.164136 | C67: =Raw_Model!O24 -> 10.194322 | D67: =Raw_Model!P24 -> 27.898139 | F67: =Marginal_Model!N24 -> 23.164136 | G67: =Marginal_Model!O24 -> 22.151452 | H67: =Marginal_Model!P24 -> 39.855269 | J67: =Combined_Model!G24 -> 23.164136 | K67: =Combined_Model!K24 -> 12.585748 | L67: =Combined_Model!O24 -> 30.289565
A68: =Raw_Model!C25 -> 13 | B68: =Raw_Model!N25 -> 26.208658 | C68: =Raw_Model!O25 -> 10.450752 | D68: =Raw_Model!P25 -> 29.764006 | F68: =Marginal_Model!N25 -> 26.208658 | G68: =Marginal_Model!O25 -> 24.279684 | H68: =Marginal_Model!P25 -> 43.592939 | J68: =Combined_Model!G25 -> 26.208658 | K68: =Combined_Model!K25 -> 13.216538 | L68: =Combined_Model!O25 -> 32.529793
A69: =Raw_Model!C26 -> 14 | B69: =Raw_Model!N26 -> 29.642646 | C69: =Raw_Model!O26 -> 10.734856 | D69: =Raw_Model!P26 -> 31.657549 | F69: =Marginal_Model!N26 -> 29.642646 | G69: =Marginal_Model!O26 -> 26.509699 | H69: =Marginal_Model!P26 -> 47.432391 | J69: =Combined_Model!G26 -> 29.642646 | K69: =Combined_Model!K26 -> 13.889824 | L69: =Combined_Model!O26 -> 34.812517
A70: =Raw_Model!C27 -> 15 | B70: =Raw_Model!N27 -> 33.753519 | C70: =Raw_Model!O27 -> 11.221389 | D70: =Raw_Model!P27 -> 33.753519 | F70: =Marginal_Model!N27 -> 33.753519 | G70: =Marginal_Model!O27 -> 29.011134 | H70: =Marginal_Model!P27 -> 51.543265 | J70: =Combined_Model!G27 -> 33.753519 | K70: =Combined_Model!K27 -> 14.779338 | L70: =Combined_Model!O27 -> 37.311469
A72: Note | B72: This sheet uses the older exact-size raw model. For same-denominator cross-size comparison, use Final_Fixed_Tables.

Sheet Fixed_Opportunity
A1: Deck | B1: Energies E | C1: Opportunity m | D1: Size n | E1: Total cards N | F1: Valid C | G1: Valid T | H1: Valid PT | I1: Valid Ench | J1: Expected C | K1: Expected T | L1: Expected PT | M1: Expected Ench | N1: Approx P>=1 C | O1: Approx P>=1 T | P1: Approx P>=1 PT | Q1: Approx P>=1 Ench | R1: Diff C | S1: Diff T | T1: Diff PT | U1: Diff Ench
A2: 1 | B2: =IF(A2=1,Inputs!$B$5,Inputs!$B$6) -> 4 | C2: =Inputs!$B$9 -> 15 | D2: 3 | E2: =B2*Inputs!$B$4 -> 60 | F2: =B2*COMBIN(Inputs!$B$4,D2) -> 1820 | G2: =(Inputs!$B$4-D2+1)*B2^D2 -> 832 | H2: =B2*(Inputs!$B$4-D2+1) -> 52 | I2: =IF(D2<=B2,Inputs!$B$4*COMBIN(B2,D2),"") -> 60 | J2: =IF(C2<D2,0,F2*COMBIN(E2-D2,C2-D2)/COMBIN(E2,C2)) -> 24.199299 | K2: =IF(C2<D2,0,G2*COMBIN(E2-D2,C2-D2)/COMBIN(E2,C2)) -> 11.062537 | L2: =IF(C2<D2,0,H2*COMBIN(E2-D2,C2-D2)/COMBIN(E2,C2)) -> 0.69140853 | M2: =IF(I2="","",IF(C2<D2,0,I2*COMBIN(E2-D2,C2-D2)/COMBIN(E2,C2))) -> 0.79777908 | N2: =IF(D2>C2,"",IF(J2<0.00000001,J2,1-EXP(-J2))) -> 1 | O2: =IF(D2>C2,"",IF(K2<0.00000001,K2,1-EXP(-K2))) -> 0.99998431 | P2: =IF(D2>C2,"",IF(L2<0.00000001,L2,1-EXP(-L2))) -> 0.49912992 | Q2: =IF(OR(D2>C2,D2>B2),"",IF(M2<0.00000001,M2,1-EXP(-M2))) -> 0.549672 | R2: =IF(D2>C2,"",-LN(N2)) -> 3.0929925e-11 | S2: =IF(D2>C2,"",-LN(O2)) -> 1.5689346e-05 | T2: =IF(D2>C2,"",-LN(P2)) -> 0.69488886 | U2: =IF(OR(D2>C2,D2>B2),"",-LN(Q2)) -> 0.59843354
A3: 1 | B3: =IF(A3=1,Inputs!$B$5,Inputs!$B$6) -> 4 | C3: =Inputs!$B$9 -> 15 | D3: 4 | E3: =B3*Inputs!$B$4 -> 60 | F3: =B3*COMBIN(Inputs!$B$4,D3) -> 5460 | G3: =(Inputs!$B$4-D3+1)*B3^D3 -> 3072 | H3: =B3*(Inputs!$B$4-D3+1) -> 48 | I3: =IF(D3<=B3,Inputs!$B$4*COMBIN(B3,D3),"") -> 15 | J3: =IF(C3<D3,0,F3*COMBIN(E3-D3,C3-D3)/COMBIN(E3,C3)) -> 15.283768 | K3: =IF(C3<D3,0,G3*COMBIN(E3-D3,C3-D3)/COMBIN(E3,C3)) -> 8.5992187 | L3: =IF(C3<D3,0,H3*COMBIN(E3-D3,C3-D3)/COMBIN(E3,C3)) -> 0.13436279 | M3: =IF(I3="","",IF(C3<D3,0,I3*COMBIN(E3-D3,C3-D3)/COMBIN(E3,C3))) -> 0.041988372 | N3: =IF(D3>C3,"",IF(J3<0.00000001,J3,1-EXP(-J3))) -> 0.99999977 | O3: =IF(D3>C3,"",IF(K3<0.00000001,K3,1-EXP(-K3))) -> 0.99981575 | P3: =IF(D3>C3,"",IF(L3<0.00000001,L3,1-EXP(-L3))) -> 0.12572717 | Q3: =IF(OR(D3>C3,D3>B3),"",IF(M3<0.00000001,M3,1-EXP(-M3))) -> 0.04111907 | R3: =IF(D3>C3,"",-LN(N3)) -> 2.3032662e-07 | S3: =IF(D3>C3,"",-LN(O3)) -> 0.00018426667 | T3: =IF(D3>C3,"",-LN(P3)) -> 2.073641 | U3: =IF(OR(D3>C3,D3>B3),"",-LN(Q3)) -> 3.1912833
A4: 1 | B4: =IF(A4=1,Inputs!$B$5,Inputs!$B$6) -> 4 | C4: =Inputs!$B$9 -> 15 | D4: 5 | E4: =B4*Inputs!$B$4 -> 60 | F4: =B4*COMBIN(Inputs!$B$4,D4) -> 12012 | G4: =(Inputs!$B$4-D4+1)*B4^D4 -> 11264 | H4: =B4*(Inputs!$B$4-D4+1) -> 44 | I4: =IF(D4<=B4,Inputs!$B$4*COMBIN(B4,D4),"") | J4: =IF(C4<D4,0,F4*COMBIN(E4-D4,C4-D4)/COMBIN(E4,C4)) -> 6.604771 | K4: =IF(C4<D4,0,G4*COMBIN(E4-D4,C4-D4)/COMBIN(E4,C4)) -> 6.1934849 | L4: =IF(C4<D4,0,H4*COMBIN(E4-D4,C4-D4)/COMBIN(E4,C4)) -> 0.0241933 | M4: =IF(I4="","",IF(C4<D4,0,I4*COMBIN(E4-D4,C4-D4)/COMBIN(E4,C4))) | N4: =IF(D4>C4,"",IF(J4<0.00000001,J4,1-EXP(-J4))) -> 0.99864611 | O4: =IF(D4>C4,"",IF(K4<0.00000001,K4,1-EXP(-K4))) -> 0.9979573 | P4: =IF(D4>C4,"",IF(L4<0.00000001,L4,1-EXP(-L4))) -> 0.023902988 | Q4: =IF(OR(D4>C4,D4>B4),"",IF(M4<0.00000001,M4,1-EXP(-M4))) | R4: =IF(D4>C4,"",-LN(N4)) -> 0.0013548105 | S4: =IF(D4>C4,"",-LN(O4)) -> 0.0020447849 | T4: =IF(D4>C4,"",-LN(P4)) -> 3.7337518 | U4: =IF(OR(D4>C4,D4>B4),"",-LN(Q4))
A5: 1 | B5: =IF(A5=1,Inputs!$B$5,Inputs!$B$6) -> 4 | C5: =Inputs!$B$9 -> 15 | D5: 6 | E5: =B5*Inputs!$B$4 -> 60 | F5: =B5*COMBIN(Inputs!$B$4,D5) -> 20020 | G5: =(Inputs!$B$4-D5+1)*B5^D5 -> 40960 | H5: =B5*(Inputs!$B$4-D5+1) -> 40 | I5: =IF(D5<=B5,Inputs!$B$4*COMBIN(B5,D5),"") | J5: =IF(C5<D5,0,F5*COMBIN(E5-D5,C5-D5)/COMBIN(E5,C5)) -> 2.0014458 | K5: =IF(C5<D5,0,G5*COMBIN(E5-D5,C5-D5)/COMBIN(E5,C5)) -> 4.094866 | L5: =IF(C5<D5,0,H5*COMBIN(E5-D5,C5-D5)/COMBIN(E5,C5)) -> 0.0039988926 | M5: =IF(I5="","",IF(C5<D5,0,I5*COMBIN(E5-D5,C5-D5)/COMBIN(E5,C5))) | N5: =IF(D5>C5,"",IF(J5<0.00000001,J5,1-EXP(-J5))) -> 0.86486024 | O5: =IF(D5>C5,"",IF(K5<0.00000001,K5,1-EXP(-K5))) -> 0.98334202 | P5: =IF(D5>C5,"",IF(L5<0.00000001,L5,1-EXP(-L5))) -> 0.0039909077 | Q5: =IF(OR(D5>C5,D5>B5),"",IF(M5<0.00000001,M5,1-EXP(-M5))) | R5: =IF(D5>C5,"",-LN(N5)) -> 0.14518736 | S5: =IF(D5>C5,"",-LN(O5)) -> 0.016798282 | T5: =IF(D5>C5,"",-LN(P5)) -> 5.5237366 | U5: =IF(OR(D5>C5,D5>B5),"",-LN(Q5))
A6: 1 | B6: =IF(A6=1,Inputs!$B$5,Inputs!$B$6) -> 4 | C6: =Inputs!$B$9 -> 15 | D6: 7 | E6: =B6*Inputs!$B$4 -> 60 | F6: =B6*COMBIN(Inputs!$B$4,D6) -> 25740 | G6: =(Inputs!$B$4-D6+1)*B6^D6 -> 147456 | H6: =B6*(Inputs!$B$4-D6+1) -> 36 | I6: =IF(D6<=B6,Inputs!$B$4*COMBIN(B6,D6),"") | J6: =IF(C6<D6,0,F6*COMBIN(E6-D6,C6-D6)/COMBIN(E6,C6)) -> 0.42888123 | K6: =IF(C6<D6,0,G6*COMBIN(E6-D6,C6-D6)/COMBIN(E6,C6)) -> 2.4569196 | L6: =IF(C6<D6,0,H6*COMBIN(E6-D6,C6-D6)/COMBIN(E6,C6)) -> 0.00059983389 | M6: =IF(I6="","",IF(C6<D6,0,I6*COMBIN(E6-D6,C6-D6)/COMBIN(E6,C6))) | N6: =IF(D6>C6,"",IF(J6<0.00000001,J6,1-EXP(-J6))) -> 0.34876273 | O6: =IF(D6>C6,"",IF(K6<0.00000001,K6,1-EXP(-K6))) -> 0.91430147 | P6: =IF(D6>C6,"",IF(L6<0.00000001,L6,1-EXP(-L6))) -> 0.00059965403 | Q6: =IF(OR(D6>C6,D6>B6),"",IF(M6<0.00000001,M6,1-EXP(-M6))) | R6: =IF(D6>C6,"",-LN(N6)) -> 1.0533634 | S6: =IF(D6>C6,"",-LN(O6)) -> 0.089594925 | T6: =IF(D6>C6,"",-LN(P6)) -> 7.4191577 | U6: =IF(OR(D6>C6,D6>B6),"",-LN(Q6))
A7: 1 | B7: =IF(A7=1,Inputs!$B$5,Inputs!$B$6) -> 4 | C7: =Inputs!$B$9 -> 15 | D7: 8 | E7: =B7*Inputs!$B$4 -> 60 | F7: =B7*COMBIN(Inputs!$B$4,D7) -> 25740 | G7: =(Inputs!$B$4-D7+1)*B7^D7 -> 524288 | H7: =B7*(Inputs!$B$4-D7+1) -> 32 | I7: =IF(D7<=B7,Inputs!$B$4*COMBIN(B7,D7),"") | J7: =IF(C7<D7,0,F7*COMBIN(E7-D7,C7-D7)/COMBIN(E7,C7)) -> 0.06473679 | K7: =IF(C7<D7,0,G7*COMBIN(E7-D7,C7-D7)/COMBIN(E7,C7)) -> 1.3185984 | L7: =IF(C7<D7,0,H7*COMBIN(E7-D7,C7-D7)/COMBIN(E7,C7)) -> 8.0480858e-05 | M7: =IF(I7="","",IF(C7<D7,0,I7*COMBIN(E7-D7,C7-D7)/COMBIN(E7,C7))) | N7: =IF(D7>C7,"",IF(J7<0.00000001,J7,1-EXP(-J7))) -> 0.062685859 | O7: =IF(D7>C7,"",IF(K7<0.00000001,K7,1-EXP(-K7))) -> 0.73249001 | P7: =IF(D7>C7,"",IF(L7<0.00000001,L7,1-EXP(-L7))) -> 8.0477619e-05 | Q7: =IF(OR(D7>C7,D7>B7),"",IF(M7<0.00000001,M7,1-EXP(-M7))) | R7: =IF(D7>C7,"",-LN(N7)) -> 2.7696194 | S7: =IF(D7>C7,"",-LN(O7)) -> 0.31130557 | T7: =IF(D7>C7,"",-LN(P7)) -> 9.4275314 | U7: =IF(OR(D7>C7,D7>B7),"",-LN(Q7))
A8: 1 | B8: =IF(A8=1,Inputs!$B$5,Inputs!$B$6) -> 4 | C8: =Inputs!$B$9 -> 15 | D8: 9 | E8: =B8*Inputs!$B$4 -> 60 | F8: =B8*COMBIN(Inputs!$B$4,D8) -> 20020 | G8: =(Inputs!$B$4-D8+1)*B8^D8 -> 1835008 | H8: =B8*(Inputs!$B$4-D8+1) -> 28 | I8: =IF(D8<=B8,Inputs!$B$4*COMBIN(B8,D8),"") | J8: =IF(C8<D8,0,F8*COMBIN(E8-D8,C8-D8)/COMBIN(E8,C8)) -> 0.0067779972 | K8: =IF(C8<D8,0,G8*COMBIN(E8-D8,C8-D8)/COMBIN(E8,C8)) -> 0.62126269 | L8: =IF(C8<D8,0,H8*COMBIN(E8-D8,C8-D8)/COMBIN(E8,C8)) -> 9.4797164e-06 | M8: =IF(I8="","",IF(C8<D8,0,I8*COMBIN(E8-D8,C8-D8)/COMBIN(E8,C8))) | N8: =IF(D8>C8,"",IF(J8<0.00000001,J8,1-EXP(-J8))) -> 0.0067550784 | O8: =IF(D8>C8,"",IF(K8<0.00000001,K8,1-EXP(-K8))) -> 0.46273439 | P8: =IF(D8>C8,"",IF(L8<0.00000001,L8,1-EXP(-L8))) -> 9.4796715e-06 | Q8: =IF(OR(D8>C8,D8>B8),"",IF(M8<0.00000001,M8,1-EXP(-M8))) | R8: =IF(D8>C8,"",-LN(N8)) -> 4.9974607 | S8: =IF(D8>C8,"",-LN(O8)) -> 0.77060205 | T8: =IF(D8>C8,"",-LN(P8)) -> 11.566361 | U8: =IF(OR(D8>C8,D8>B8),"",-LN(Q8))
A9: 1 | B9: =IF(A9=1,Inputs!$B$5,Inputs!$B$6) -> 4 | C9: =Inputs!$B$9 -> 15 | D9: 10 | E9: =B9*Inputs!$B$4 -> 60 | F9: =B9*COMBIN(Inputs!$B$4,D9) -> 12012 | G9: =(Inputs!$B$4-D9+1)*B9^D9 -> 6291456 | H9: =B9*(Inputs!$B$4-D9+1) -> 24 | I9: =IF(D9<=B9,Inputs!$B$4*COMBIN(B9,D9),"") | J9: =IF(C9<D9,0,F9*COMBIN(E9-D9,C9-D9)/COMBIN(E9,C9)) -> 0.00047844686 | K9: =IF(C9<D9,0,G9*COMBIN(E9-D9,C9-D9)/COMBIN(E9,C9)) -> 0.25059336 | L9: =IF(C9<D9,0,H9*COMBIN(E9-D9,C9-D9)/COMBIN(E9,C9)) -> 9.5593779e-07 | M9: =IF(I9="","",IF(C9<D9,0,I9*COMBIN(E9-D9,C9-D9)/COMBIN(E9,C9))) | N9: =IF(D9>C9,"",IF(J9<0.00000001,J9,1-EXP(-J9))) -> 0.00047833243 | O9: =IF(D9>C9,"",IF(K9<0.00000001,K9,1-EXP(-K9))) -> 0.22166119 | P9: =IF(D9>C9,"",IF(L9<0.00000001,L9,1-EXP(-L9))) -> 9.5593733e-07 | Q9: =IF(OR(D9>C9,D9>B9),"",IF(M9<0.00000001,M9,1-EXP(-M9))) | R9: =IF(D9>C9,"",-LN(N9)) -> 7.6452046 | S9: =IF(D9>C9,"",-LN(O9)) -> 1.5066053 | T9: =IF(D9>C9,"",-LN(P9)) -> 13.860573 | U9: =IF(OR(D9>C9,D9>B9),"",-LN(Q9))
A10: 1 | B10: =IF(A10=1,Inputs!$B$5,Inputs!$B$6) -> 4 | C10: =Inputs!$B$9 -> 15 | D10: 11 | E10: =B10*Inputs!$B$4 -> 60 | F10: =B10*COMBIN(Inputs!$B$4,D10) -> 5460 | G10: =(Inputs!$B$4-D10+1)*B10^D10 -> 20971520 | H10: =B10*(Inputs!$B$4-D10+1) -> 20 | I10: =IF(D10<=B10,Inputs!$B$4*COMBIN(B10,D10),"") | J10: =IF(C10<D10,0,F10*COMBIN(E10-D10,C10-D10)/COMBIN(E10,C10)) -> 2.1747585e-05 | K10: =IF(C10<D10,0,G10*COMBIN(E10-D10,C10-D10)/COMBIN(E10,C10)) -> 0.083531119 | L10: =IF(C10<D10,0,H10*COMBIN(E10-D10,C10-D10)/COMBIN(E10,C10)) -> 7.9661482e-08 | M10: =IF(I10="","",IF(C10<D10,0,I10*COMBIN(E10-D10,C10-D10)/COMBIN(E10,C10))) | N10: =IF(D10>C10,"",IF(J10<0.00000001,J10,1-EXP(-J10))) -> 2.1747348e-05 | O10: =IF(D10>C10,"",IF(K10<0.00000001,K10,1-EXP(-K10))) -> 0.080137539 | P10: =IF(D10>C10,"",IF(L10<0.00000001,L10,1-EXP(-L10))) -> 7.9661479e-08 | Q10: =IF(OR(D10>C10,D10>B10),"",IF(M10<0.00000001,M10,1-EXP(-M10))) | R10: =IF(D10>C10,"",-LN(N10)) -> 10.736019 | S10: =IF(D10>C10,"",-LN(O10)) -> 2.5240109 | T10: =IF(D10>C10,"",-LN(P10)) -> 16.34548 | U10: =IF(OR(D10>C10,D10>B10),"",-LN(Q10))
A11: 1 | B11: =IF(A11=1,Inputs!$B$5,Inputs!$B$6) -> 4 | C11: =Inputs!$B$9 -> 15 | D11: 12 | E11: =B11*Inputs!$B$4 -> 60 | F11: =B11*COMBIN(Inputs!$B$4,D11) -> 1820 | G11: =(Inputs!$B$4-D11+1)*B11^D11 -> 67108864 | H11: =B11*(Inputs!$B$4-D11+1) -> 16 | I11: =IF(D11<=B11,Inputs!$B$4*COMBIN(B11,D11),"") | J11: =IF(C11<D11,0,F11*COMBIN(E11-D11,C11-D11)/COMBIN(E11,C11)) -> 5.9177101e-07 | K11: =IF(C11<D11,0,G11*COMBIN(E11-D11,C11-D11)/COMBIN(E11,C11)) -> 0.021820374 | L11: =IF(C11<D11,0,H11*COMBIN(E11-D11,C11-D11)/COMBIN(E11,C11)) -> 5.2023825e-09 | M11: =IF(I11="","",IF(C11<D11,0,I11*COMBIN(E11-D11,C11-D11)/COMBIN(E11,C11))) | N11: =IF(D11>C11,"",IF(J11<0.00000001,J11,1-EXP(-J11))) -> 5.9177084e-07 | O11: =IF(D11>C11,"",IF(K11<0.00000001,K11,1-EXP(-K11))) -> 0.021584032 | P11: =IF(D11>C11,"",IF(L11<0.00000001,L11,1-EXP(-L11))) -> 5.2023825e-09 | Q11: =IF(OR(D11>C11,D11>B11),"",IF(M11<0.00000001,M11,1-EXP(-M11))) | R11: =IF(D11>C11,"",-LN(N11)) -> 14.340146 | S11: =IF(D11>C11,"",-LN(O11)) -> 3.8358015 | T11: =IF(D11>C11,"",-LN(P11)) -> 19.074149 | U11: =IF(OR(D11>C11,D11>B11),"",-LN(Q11))
A12: 1 | B12: =IF(A12=1,Inputs!$B$5,Inputs!$B$6) -> 4 | C12: =Inputs!$B$9 -> 15 | D12: 13 | E12: =B12*Inputs!$B$4 -> 60 | F12: =B12*COMBIN(Inputs!$B$4,D12) -> 420 | G12: =(Inputs!$B$4-D12+1)*B12^D12 -> 201326592 | H12: =B12*(Inputs!$B$4-D12+1) -> 12 | I12: =IF(D12<=B12,Inputs!$B$4*COMBIN(B12,D12),"") | J12: =IF(C12<D12,0,F12*COMBIN(E12-D12,C12-D12)/COMBIN(E12,C12)) -> 8.5351588e-09 | K12: =IF(C12<D12,0,G12*COMBIN(E12-D12,C12-D12)/COMBIN(E12,C12)) -> 0.0040913201 | L12: =IF(C12<D12,0,H12*COMBIN(E12-D12,C12-D12)/COMBIN(E12,C12)) -> 2.4386168e-10 | M12: =IF(I12="","",IF(C12<D12,0,I12*COMBIN(E12-D12,C12-D12)/COMBIN(E12,C12))) | N12: =IF(D12>C12,"",IF(J12<0.00000001,J12,1-EXP(-J12))) -> 8.5351588e-09 | O12: =IF(D12>C12,"",IF(K12<0.00000001,K12,1-EXP(-K12))) -> 0.004082962 | P12: =IF(D12>C12,"",IF(L12<0.00000001,L12,1-EXP(-L12))) -> 2.4386168e-10 | Q12: =IF(OR(D12>C12,D12>B12),"",IF(M12<0.00000001,M12,1-EXP(-M12))) | R12: =IF(D12>C12,"",-LN(N12)) -> 18.579072 | S12: =IF(D12>C12,"",-LN(O12)) -> 5.5009326 | T12: =IF(D12>C12,"",-LN(P12)) -> 22.13442 | U12: =IF(OR(D12>C12,D12>B12),"",-LN(Q12))
A13: 1 | B13: =IF(A13=1,Inputs!$B$5,Inputs!$B$6) -> 4 | C13: =Inputs!$B$9 -> 15 | D13: 14 | E13: =B13*Inputs!$B$4 -> 60 | F13: =B13*COMBIN(Inputs!$B$4,D13) -> 60 | G13: =(Inputs!$B$4-D13+1)*B13^D13 -> 536870912 | H13: =B13*(Inputs!$B$4-D13+1) -> 8 | I13: =IF(D13<=B13,Inputs!$B$4*COMBIN(B13,D13),"") | J13: =IF(C13<D13,0,F13*COMBIN(E13-D13,C13-D13)/COMBIN(E13,C13)) -> 5.1885464e-11 | K13: =IF(C13<D13,0,G13*COMBIN(E13-D13,C13-D13)/COMBIN(E13,C13)) -> 0.00046426327 | L13: =IF(C13<D13,0,H13*COMBIN(E13-D13,C13-D13)/COMBIN(E13,C13)) -> 6.9180619e-12 | M13: =IF(I13="","",IF(C13<D13,0,I13*COMBIN(E13-D13,C13-D13)/COMBIN(E13,C13))) | N13: =IF(D13>C13,"",IF(J13<0.00000001,J13,1-EXP(-J13))) -> 5.1885464e-11 | O13: =IF(D13>C13,"",IF(K13<0.00000001,K13,1-EXP(-K13))) -> 0.00046415552 | P13: =IF(D13>C13,"",IF(L13<0.00000001,L13,1-EXP(-L13))) -> 6.9180619e-12 | Q13: =IF(OR(D13>C13,D13>B13),"",IF(M13<0.00000001,M13,1-EXP(-M13))) | R13: =IF(D13>C13,"",-LN(N13)) -> 23.681982 | S13: =IF(D13>C13,"",-LN(O13)) -> 7.6752909 | T13: =IF(D13>C13,"",-LN(P13)) -> 25.696885 | U13: =IF(OR(D13>C13,D13>B13),"",-LN(Q13))
... A27: 2 | B27: =IF(A27=1,Inputs!$B$5,Inputs!$B$6) -> 5 | C27: =Inputs!$B$9 -> 15 | D27: 15 | E27: =B27*Inputs!$B$4 -> 75 | F27: =B27*COMBIN(Inputs!$B$4,D27) -> 5 | G27: =(Inputs!$B$4-D27+1)*B27^D27 -> 30517578125 | H27: =B27*(Inputs!$B$4-D27+1) -> 5 | I27: =IF(D27<=B27,Inputs!$B$4*COMBIN(B27,D27),"") | J27: =IF(C27<D27,0,F27*COMBIN(E27-D27,C27-D27)/COMBIN(E27,C27)) -> 2.1929703e-15 | K27: =IF(C27<D27,0,G27*COMBIN(E27-D27,C27-D27)/COMBIN(E27,C27)) -> 1.3384828e-05 | L27: =IF(C27<D27,0,H27*COMBIN(E27-D27,C27-D27)/COMBIN(E27,C27)) -> 2.1929703e-15 | M27: =IF(I27="","",IF(C27<D27,0,I27*COMBIN(E27-D27,C27-D27)/COMBIN(E27,C27))) | N27: =IF(D27>C27,"",IF(J27<0.00000001,J27,1-EXP(-J27))) -> 2.1929703e-15 | O27: =IF(D27>C27,"",IF(K27<0.00000001,K27,1-EXP(-K27))) -> 1.3384739e-05 | P27: =IF(D27>C27,"",IF(L27<0.00000001,L27,1-EXP(-L27))) -> 2.1929703e-15 | Q27: =IF(OR(D27>C27,D27>B27),"",IF(M27<0.00000001,M27,1-EXP(-M27))) | R27: =IF(D27>C27,"",-LN(N27)) -> 33.753519 | S27: =IF(D27>C27,"",-LN(O27)) -> 11.221395 | T27: =IF(D27>C27,"",-LN(P27)) -> 33.753519 | U27: =IF(OR(D27>C27,D27>B27),"",-LN(Q27))

Sheet Combined_Fixed_Model
A1: Deck | B1: Energies E | C1: Opportunity m | D1: Size n | E1: Fixed P C | F1: Fixed P T | G1: Fixed P PT | H1: Fixed P Ench | I1: Marginal P C | J1: Marginal P T | K1: Marginal P PT | L1: Marginal P Ench | M1: Fixed diff C | N1: Fixed diff T | O1: Fixed diff PT | P1: Fixed diff Ench | Q1: Marginal diff C | R1: Marginal diff T | S1: Marginal diff PT | T1: Marginal diff Ench | U1: Combined diff C | V1: Combined diff T | W1: Combined diff PT | X1: Combined diff Ench | Y1: Combined P C | Z1: Combined P T | AA1: Combined P PT | AB1: Combined P Ench
A2: =Fixed_Opportunity!A2 -> 1 | B2: =Fixed_Opportunity!B2 -> 4 | C2: =Fixed_Opportunity!C2 -> 15 | D2: =Fixed_Opportunity!D2 -> 3 | E2: =IF(D2>C2,"",Fixed_Opportunity!N2) -> 1 | F2: =IF(D2>C2,"",Fixed_Opportunity!O2) -> 0.99998431 | G2: =IF(D2>C2,"",Fixed_Opportunity!P2) -> 0.49912992 | H2: =IF(OR(D2>C2,D2>B2),"",Fixed_Opportunity!Q2) -> 0.549672 | I2: =Marginal_Model!J2 -> 0.053185272 | J2: =Marginal_Model!K2 -> 0.024313267 | K2: =Marginal_Model!L2 -> 0.0015195792 | L2: =IF(D2>B2,"",Marginal_Model!M2) -> 0.0017533606 | M2: =IF(D2>C2,"",Fixed_Opportunity!R2) -> 3.0929925e-11 | N2: =IF(D2>C2,"",Fixed_Opportunity!S2) -> 1.5689346e-05 | O2: =IF(D2>C2,"",Fixed_Opportunity!T2) -> 0.69488886 | P2: =IF(OR(D2>C2,D2>B2),"",Fixed_Opportunity!U2) -> 0.59843354 | Q2: =Marginal_Model!N2 -> 2.9339738 | R2: =Marginal_Model!O2 -> 3.7167331 | S2: =Marginal_Model!P2 -> 6.4893218 | T2: =IF(D2>B2,"",Marginal_Model!Q2) -> 6.346221 | U2: =IF(D2>C2,"",Inputs!$B$7*M2+Inputs!$B$8*Q2) -> 0.58679475 | V2: =IF(D2>C2,"",Inputs!$B$7*N2+Inputs!$B$8*R2) -> 0.74335917 | W2: =IF(D2>C2,"",Inputs!$B$7*O2+Inputs!$B$8*S2) -> 1.8537755 | X2: =IF(OR(D2>C2,D2>B2),"",Inputs!$B$7*P2+Inputs!$B$8*T2) -> 1.747991 | Y2: =IF(D2>C2,"",EXP(-U2)) -> 0.55610689 | Z2: =IF(D2>C2,"",EXP(-V2)) -> 0.4755139 | AA2: =IF(D2>C2,"",EXP(-W2)) -> 0.15664464 | AB2: =IF(OR(D2>C2,D2>B2),"",EXP(-X2)) -> 0.1741234
A3: =Fixed_Opportunity!A3 -> 1 | B3: =Fixed_Opportunity!B3 -> 4 | C3: =Fixed_Opportunity!C3 -> 15 | D3: =Fixed_Opportunity!D3 -> 4 | E3: =IF(D3>C3,"",Fixed_Opportunity!N3) -> 0.99999977 | F3: =IF(D3>C3,"",Fixed_Opportunity!O3) -> 0.99981575 | G3: =IF(D3>C3,"",Fixed_Opportunity!P3) -> 0.12572717 | H3: =IF(OR(D3>C3,D3>B3),"",Fixed_Opportunity!Q3) -> 0.04111907 | I3: =Marginal_Model!J3 -> 0.011196899 | J3: =Marginal_Model!K3 -> 0.003149897 | K3: =Marginal_Model!L3 -> 4.921714e-05 | L3: =IF(D3>B3,"",Marginal_Model!M3) -> 3.0760712e-05 | M3: =IF(D3>C3,"",Fixed_Opportunity!R3) -> 2.3032662e-07 | N3: =IF(D3>C3,"",Fixed_Opportunity!S3) -> 0.00018426667 | O3: =IF(D3>C3,"",Fixed_Opportunity!T3) -> 2.073641 | P3: =IF(OR(D3>C3,D3>B3),"",Fixed_Opportunity!U3) -> 3.1912833 | Q3: =Marginal_Model!N3 -> 4.4921184 | R3: =Marginal_Model!O3 -> 5.7603855 | S3: =Marginal_Model!P3 -> 9.9192686 | T3: =IF(D3>B3,"",Marginal_Model!Q3) -> 10.389272 | U3: =IF(D3>C3,"",Inputs!$B$7*M3+Inputs!$B$8*Q3) -> 0.89842386 | V3: =IF(D3>C3,"",Inputs!$B$7*N3+Inputs!$B$8*R3) -> 1.1522245 | W3: =IF(D3>C3,"",Inputs!$B$7*O3+Inputs!$B$8*S3) -> 3.6427665 | X3: =IF(OR(D3>C3,D3>B3),"",Inputs!$B$7*P3+Inputs!$B$8*T3) -> 4.6308811 | Y3: =IF(D3>C3,"",EXP(-U3)) -> 0.40721098 | Z3: =IF(D3>C3,"",EXP(-V3)) -> 0.31593319 | AA3: =IF(D3>C3,"",EXP(-W3)) -> 0.026179816 | AB3: =IF(OR(D3>C3,D3>B3),"",EXP(-X3)) -> 0.0097461683
A4: =Fixed_Opportunity!A4 -> 1 | B4: =Fixed_Opportunity!B4 -> 4 | C4: =Fixed_Opportunity!C4 -> 15 | D4: =Fixed_Opportunity!D4 -> 5 | E4: =IF(D4>C4,"",Fixed_Opportunity!N4) -> 0.99864611 | F4: =IF(D4>C4,"",Fixed_Opportunity!O4) -> 0.9979573 | G4: =IF(D4>C4,"",Fixed_Opportunity!P4) -> 0.023902988 | H4: =IF(OR(D4>C4,D4>B4),"",Fixed_Opportunity!Q4) | I4: =Marginal_Model!J4 -> 0.0021993909 | J4: =Marginal_Model!K4 -> 0.00041248651 | K4: =Marginal_Model!L4 -> 1.6112754e-06 | L4: =IF(D4>B4,"",Marginal_Model!M4) | M4: =IF(D4>C4,"",Fixed_Opportunity!R4) -> 0.0013548105 | N4: =IF(D4>C4,"",Fixed_Opportunity!S4) -> 0.0020447849 | O4: =IF(D4>C4,"",Fixed_Opportunity!T4) -> 3.7337518 | P4: =IF(OR(D4>C4,D4>B4),"",Fixed_Opportunity!U4) | Q4: =Marginal_Model!N4 -> 6.1195748 | R4: =Marginal_Model!O4 -> 7.7933071 | S4: =Marginal_Model!P4 -> 13.338485 | T4: =IF(D4>B4,"",Marginal_Model!Q4) | U4: =IF(D4>C4,"",Inputs!$B$7*M4+Inputs!$B$8*Q4) -> 1.2249988 | V4: =IF(D4>C4,"",Inputs!$B$7*N4+Inputs!$B$8*R4) -> 1.5602972 | W4: =IF(D4>C4,"",Inputs!$B$7*O4+Inputs!$B$8*S4) -> 5.6546983 | X4: =IF(OR(D4>C4,D4>B4),"",Inputs!$B$7*P4+Inputs!$B$8*T4) | Y4: =IF(D4>C4,"",EXP(-U4)) -> 0.29375805 | Z4: =IF(D4>C4,"",EXP(-V4)) -> 0.21007362 | AA4: =IF(D4>C4,"",EXP(-W4)) -> 0.0035010291 | AB4: =IF(OR(D4>C4,D4>B4),"",EXP(-X4))
A5: =Fixed_Opportunity!A5 -> 1 | B5: =Fixed_Opportunity!B5 -> 4 | C5: =Fixed_Opportunity!C5 -> 15 | D5: =Fixed_Opportunity!D5 -> 6 | E5: =IF(D5>C5,"",Fixed_Opportunity!N5) -> 0.86486024 | F5: =IF(D5>C5,"",Fixed_Opportunity!O5) -> 0.98334202 | G5: =IF(D5>C5,"",Fixed_Opportunity!P5) -> 0.0039909077 | H5: =IF(OR(D5>C5,D5>B5),"",Fixed_Opportunity!Q5) | I5: =Marginal_Model!J5 -> 0.00039988926 | J5: =Marginal_Model!K5 -> 5.454367e-05 | K5: =Marginal_Model!L5 -> 5.3265303e-08 | L5: =IF(D5>B5,"",Marginal_Model!M5) | M5: =IF(D5>C5,"",Fixed_Opportunity!R5) -> 0.14518736 | N5: =IF(D5>C5,"",Fixed_Opportunity!S5) -> 0.016798282 | O5: =IF(D5>C5,"",Fixed_Opportunity!T5) -> 5.5237366 | P5: =IF(OR(D5>C5,D5>B5),"",Fixed_Opportunity!U5) | Q5: =Marginal_Model!N5 -> 7.8243229 | R5: =Marginal_Model!O5 -> 9.8165089 | S5: =Marginal_Model!P5 -> 16.747981 | T5: =IF(D5>B5,"",Marginal_Model!Q5) | U5: =IF(D5>C5,"",Inputs!$B$7*M5+Inputs!$B$8*Q5) -> 1.6810145 | V5: =IF(D5>C5,"",Inputs!$B$7*N5+Inputs!$B$8*R5) -> 1.9767404 | W5: =IF(D5>C5,"",Inputs!$B$7*O5+Inputs!$B$8*S5) -> 7.7685854 | X5: =IF(OR(D5>C5,D5>B5),"",Inputs!$B$7*P5+Inputs!$B$8*T5) | Y5: =IF(D5>C5,"",EXP(-U5)) -> 0.186185 | Z5: =IF(D5>C5,"",EXP(-V5)) -> 0.13852002 | AA5: =IF(D5>C5,"",EXP(-W5)) -> 0.00042281095 | AB5: =IF(OR(D5>C5,D5>B5),"",EXP(-X5))
A6: =Fixed_Opportunity!A6 -> 1 | B6: =Fixed_Opportunity!B6 -> 4 | C6: =Fixed_Opportunity!C6 -> 15 | D6: =Fixed_Opportunity!D6 -> 7 | E6: =IF(D6>C6,"",Fixed_Opportunity!N6) -> 0.34876273 | F6: =IF(D6>C6,"",Fixed_Opportunity!O6) -> 0.91430147 | G6: =IF(D6>C6,"",Fixed_Opportunity!P6) -> 0.00059965403 | H6: =IF(OR(D6>C6,D6>B6),"",Fixed_Opportunity!Q6) | I6: =Marginal_Model!J6 -> 6.664821e-05 | J6: =Marginal_Model!K6 -> 7.2724894e-06 | K6: =Marginal_Model!L6 -> 1.7755101e-09 | L6: =IF(D6>B6,"",Marginal_Model!M6) | M6: =IF(D6>C6,"",Fixed_Opportunity!R6) -> 1.0533634 | N6: =IF(D6>C6,"",Fixed_Opportunity!S6) -> 0.089594925 | O6: =IF(D6>C6,"",Fixed_Opportunity!T6) -> 7.4191577 | P6: =IF(OR(D6>C6,D6>B6),"",Fixed_Opportunity!U6) | Q6: =Marginal_Model!N6 -> 9.6160824 | R6: =Marginal_Model!O6 -> 11.831412 | S6: =Marginal_Model!P6 -> 20.149178 | T6: =IF(D6>B6,"",Marginal_Model!Q6) | U6: =IF(D6>C6,"",Inputs!$B$7*M6+Inputs!$B$8*Q6) -> 2.7659072 | V6: =IF(D6>C6,"",Inputs!$B$7*N6+Inputs!$B$8*R6) -> 2.4379583 | W6: =IF(D6>C6,"",Inputs!$B$7*O6+Inputs!$B$8*S6) -> 9.9651618 | X6: =IF(OR(D6>C6,D6>B6),"",Inputs!$B$7*P6+Inputs!$B$8*T6) | Y6: =IF(D6>C6,"",EXP(-U6)) -> 0.062918992 | Z6: =IF(D6>C6,"",EXP(-V6)) -> 0.087338988 | AA6: =IF(D6>C6,"",EXP(-W6)) -> 4.7009457e-05 | AB6: =IF(OR(D6>C6,D6>B6),"",EXP(-X6))
A7: =Fixed_Opportunity!A7 -> 1 | B7: =Fixed_Opportunity!B7 -> 4 | C7: =Fixed_Opportunity!C7 -> 15 | D7: =Fixed_Opportunity!D7 -> 8 | E7: =IF(D7>C7,"",Fixed_Opportunity!N7) -> 0.062685859 | F7: =IF(D7>C7,"",Fixed_Opportunity!O7) -> 0.73249001 | G7: =IF(D7>C7,"",Fixed_Opportunity!P7) -> 8.0477619e-05 | H7: =IF(OR(D7>C7,D7>B7),"",Fixed_Opportunity!Q7) | I7: =Marginal_Model!J7 -> 1.0060107e-05 | J7: =Marginal_Model!K7 -> 9.7576377e-07 | K7: =Marginal_Model!L7 -> 5.9555894e-11 | L7: =IF(D7>B7,"",Marginal_Model!M7) | M7: =IF(D7>C7,"",Fixed_Opportunity!R7) -> 2.7696194 | N7: =IF(D7>C7,"",Fixed_Opportunity!S7) -> 0.31130557 | O7: =IF(D7>C7,"",Fixed_Opportunity!T7) -> 9.4275314 | P7: =IF(OR(D7>C7,D7>B7),"",Fixed_Opportunity!U7) | Q7: =Marginal_Model!N7 -> 11.506933 | R7: =Marginal_Model!O7 -> 13.840045 | S7: =Marginal_Model!P7 -> 23.544106 | T7: =IF(D7>B7,"",Marginal_Model!Q7) | U7: =IF(D7>C7,"",Inputs!$B$7*M7+Inputs!$B$8*Q7) -> 4.5170821 | V7: =IF(D7>C7,"",Inputs!$B$7*N7+Inputs!$B$8*R7) -> 3.0170535 | W7: =IF(D7>C7,"",Inputs!$B$7*O7+Inputs!$B$8*S7) -> 12.250846 | X7: =IF(OR(D7>C7,D7>B7),"",Inputs!$B$7*P7+Inputs!$B$8*T7) | Y7: =IF(D7>C7,"",EXP(-U7)) -> 0.010920844 | Z7: =IF(D7>C7,"",EXP(-V7)) -> 0.048945222 | AA7: =IF(D7>C7,"",EXP(-W7)) -> 4.7810694e-06 | AB7: =IF(OR(D7>C7,D7>B7),"",EXP(-X7))
A8: =Fixed_Opportunity!A8 -> 1 | B8: =Fixed_Opportunity!B8 -> 4 | C8: =Fixed_Opportunity!C8 -> 15 | D8: =Fixed_Opportunity!D8 -> 9 | E8: =IF(D8>C8,"",Fixed_Opportunity!N8) -> 0.0067550784 | F8: =IF(D8>C8,"",Fixed_Opportunity!O8) -> 0.46273439 | G8: =IF(D8>C8,"",Fixed_Opportunity!P8) -> 9.4796715e-06 | H8: =IF(OR(D8>C8,D8>B8),"",Fixed_Opportunity!Q8) | I8: =Marginal_Model!J8 -> 1.3542452e-06 | J8: =Marginal_Model!K8 -> 1.3135282e-07 | K8: =Marginal_Model!L8 -> 2.0042849e-12 | L8: =IF(D8>B8,"",Marginal_Model!M8) | M8: =IF(D8>C8,"",Fixed_Opportunity!R8) -> 4.9974607 | N8: =IF(D8>C8,"",Fixed_Opportunity!S8) -> 0.77060205 | O8: =IF(D8>C8,"",Fixed_Opportunity!T8) -> 11.566361 | P8: =IF(OR(D8>C8,D8>B8),"",Fixed_Opportunity!U8) | Q8: =Marginal_Model!N8 -> 13.512266 | R8: =Marginal_Model!O8 -> 15.845379 | S8: =Marginal_Model!P8 -> 26.935734 | T8: =IF(D8>B8,"",Marginal_Model!Q8) | U8: =IF(D8>C8,"",Inputs!$B$7*M8+Inputs!$B$8*Q8) -> 6.7004218 | V8: =IF(D8>C8,"",Inputs!$B$7*N8+Inputs!$B$8*R8) -> 3.7855574 | W8: =IF(D8>C8,"",Inputs!$B$7*O8+Inputs!$B$8*S8) -> 14.640235 | X8: =IF(OR(D8>C8,D8>B8),"",Inputs!$B$7*P8+Inputs!$B$8*T8) | Y8: =IF(D8>C8,"",EXP(-U8)) -> 0.0012303928 | Z8: =IF(D8>C8,"",EXP(-V8)) -> 0.022696208 | AA8: =IF(D8>C8,"",EXP(-W8)) -> 4.3835556e-07 | AB8: =IF(OR(D8>C8,D8>B8),"",EXP(-X8))
A9: =Fixed_Opportunity!A9 -> 1 | B9: =Fixed_Opportunity!B9 -> 4 | C9: =Fixed_Opportunity!C9 -> 15 | D9: =Fixed_Opportunity!D9 -> 10 | E9: =IF(D9>C9,"",Fixed_Opportunity!N9) -> 0.00047833243 | F9: =IF(D9>C9,"",Fixed_Opportunity!O9) -> 0.22166119 | G9: =IF(D9>C9,"",Fixed_Opportunity!P9) -> 9.5593733e-07 | H9: =IF(OR(D9>C9,D9>B9),"",Fixed_Opportunity!Q9) | I9: =Marginal_Model!J9 -> 1.5932296e-07 | J9: =Marginal_Model!K9 -> 1.7660883e-08 | K9: =Marginal_Model!L9 -> 6.7370921e-14 | L9: =IF(D9>B9,"",Marginal_Model!M9) | M9: =IF(D9>C9,"",Fixed_Opportunity!R9) -> 7.6452046 | N9: =IF(D9>C9,"",Fixed_Opportunity!S9) -> 1.5066053 | O9: =IF(D9>C9,"",Fixed_Opportunity!T9) -> 13.860573 | P9: =IF(OR(D9>C9,D9>B9),"",Fixed_Opportunity!U9) | Q9: =Marginal_Model!N9 -> 15.652332 | R9: =Marginal_Model!O9 -> 17.851914 | S9: =Marginal_Model!P9 -> 30.328563 | T9: =IF(D9>B9,"",Marginal_Model!Q9) | U9: =IF(D9>C9,"",Inputs!$B$7*M9+Inputs!$B$8*Q9) -> 9.2466302 | V9: =IF(D9>C9,"",Inputs!$B$7*N9+Inputs!$B$8*R9) -> 4.7756669 | W9: =IF(D9>C9,"",Inputs!$B$7*O9+Inputs!$B$8*S9) -> 17.154171 | X9: =IF(OR(D9>C9,D9>B9),"",Inputs!$B$7*P9+Inputs!$B$8*T9) | Y9: =IF(D9>C9,"",EXP(-U9)) -> 9.6436077e-05 | Z9: =IF(D9>C9,"",EXP(-V9)) -> 0.0084324583 | AA9: =IF(D9>C9,"",EXP(-W9)) -> 3.5484446e-08 | AB9: =IF(OR(D9>C9,D9>B9),"",EXP(-X9))
A10: =Fixed_Opportunity!A10 -> 1 | B10: =Fixed_Opportunity!B10 -> 4 | C10: =Fixed_Opportunity!C10 -> 15 | D10: =Fixed_Opportunity!D10 -> 11 | E10: =IF(D10>C10,"",Fixed_Opportunity!N10) -> 2.1747348e-05 | F10: =IF(D10>C10,"",Fixed_Opportunity!O10) -> 0.080137539 | G10: =IF(D10>C10,"",Fixed_Opportunity!P10) -> 7.9661479e-08 | H10: =IF(OR(D10>C10,D10>B10),"",Fixed_Opportunity!Q10) | I10: =Marginal_Model!J10 -> 1.5932296e-08 | J10: =Marginal_Model!K10 -> 2.3547844e-09 | K10: =Marginal_Model!L10 -> 2.2456974e-15 | L10: =IF(D10>B10,"",Marginal_Model!M10) | M10: =IF(D10>C10,"",Fixed_Opportunity!R10) -> 10.736019 | N10: =IF(D10>C10,"",Fixed_Opportunity!S10) -> 2.5240109 | O10: =IF(D10>C10,"",Fixed_Opportunity!T10) -> 16.34548 | P10: =IF(OR(D10>C10,D10>B10),"",Fixed_Opportunity!U10) | Q10: =Marginal_Model!N10 -> 17.954918 | R10: =Marginal_Model!O10 -> 19.866817 | S10: =Marginal_Model!P10 -> 33.72976 | T10: =IF(D10>B10,"",Marginal_Model!Q10) | U10: =IF(D10>C10,"",Inputs!$B$7*M10+Inputs!$B$8*Q10) -> 12.179798 | V10: =IF(D10>C10,"",Inputs!$B$7*N10+Inputs!$B$8*R10) -> 5.992572 | W10: =IF(D10>C10,"",Inputs!$B$7*O10+Inputs!$B$8*S10) -> 19.822336 | X10: =IF(OR(D10>C10,D10>B10),"",Inputs!$B$7*P10+Inputs!$B$8*T10) | Y10: =IF(D10>C10,"",EXP(-U10)) -> 5.1331118e-06 | Z10: =IF(D10>C10,"",EXP(-V10)) -> 0.0024972328 | AA10: =IF(D10>C10,"",EXP(-W10)) -> 2.4618917e-09 | AB10: =IF(OR(D10>C10,D10>B10),"",EXP(-X10))
A11: =Fixed_Opportunity!A11 -> 1 | B11: =Fixed_Opportunity!B11 -> 4 | C11: =Fixed_Opportunity!C11 -> 15 | D11: =Fixed_Opportunity!D11 -> 12 | E11: =IF(D11>C11,"",Fixed_Opportunity!N11) -> 5.9177084e-07 | F11: =IF(D11>C11,"",Fixed_Opportunity!O11) -> 0.021584032 | G11: =IF(D11>C11,"",Fixed_Opportunity!P11) -> 5.2023825e-09 | H11: =IF(OR(D11>C11,D11>B11),"",Fixed_Opportunity!Q11) | I11: =Marginal_Model!J11 -> 1.3005956e-09 | J11: =Marginal_Model!K11 -> 3.0756367e-10 | K11: =Marginal_Model!L11 -> 7.3328894e-17 | L11: =IF(D11>B11,"",Marginal_Model!M11) | M11: =IF(D11>C11,"",Fixed_Opportunity!R11) -> 14.340146 | N11: =IF(D11>C11,"",Fixed_Opportunity!S11) -> 3.8358015 | O11: =IF(D11>C11,"",Fixed_Opportunity!T11) -> 19.074149 | P11: =IF(OR(D11>C11,D11>B11),"",Fixed_Opportunity!U11) | Q11: =Marginal_Model!N11 -> 20.460443 | R11: =Marginal_Model!O11 -> 21.902339 | S11: =Marginal_Model!P11 -> 37.151577 | T11: =IF(D11>B11,"",Marginal_Model!Q11) | U11: =IF(D11>C11,"",Inputs!$B$7*M11+Inputs!$B$8*Q11) -> 15.564206 | V11: =IF(D11>C11,"",Inputs!$B$7*N11+Inputs!$B$8*R11) -> 7.449109 | W11: =IF(D11>C11,"",Inputs!$B$7*O11+Inputs!$B$8*S11) -> 22.689635 | X11: =IF(OR(D11>C11,D11>B11),"",Inputs!$B$7*P11+Inputs!$B$8*T11) | Y11: =IF(D11>C11,"",EXP(-U11)) -> 1.7400082e-07 | Z11: =IF(D11>C11,"",EXP(-V11)) -> 0.0005819599 | AA11: =IF(D11>C11,"",EXP(-W11)) -> 1.3996416e-10 | AB11: =IF(OR(D11>C11,D11>B11),"",EXP(-X11))
A12: =Fixed_Opportunity!A12 -> 1 | B12: =Fixed_Opportunity!B12 -> 4 | C12: =Fixed_Opportunity!C12 -> 15 | D12: =Fixed_Opportunity!D12 -> 13 | E12: =IF(D12>C12,"",Fixed_Opportunity!N12) -> 8.5351588e-09 | F12: =IF(D12>C12,"",Fixed_Opportunity!O12) -> 0.004082962 | G12: =IF(D12>C12,"",Fixed_Opportunity!P12) -> 2.4386168e-10 | H12: =IF(OR(D12>C12,D12>B12),"",Fixed_Opportunity!Q12) | I12: =Marginal_Model!J12 -> 8.1287227e-11 | J12: =Marginal_Model!K12 -> 3.8445459e-11 | K12: =Marginal_Model!L12 -> 2.2915279e-18 | L12: =IF(D12>B12,"",Marginal_Model!M12) | M12: =IF(D12>C12,"",Fixed_Opportunity!R12) -> 18.579072 | N12: =IF(D12>C12,"",Fixed_Opportunity!S12) -> 5.5009326 | O12: =IF(D12>C12,"",Fixed_Opportunity!T12) -> 22.13442 | P12: =IF(OR(D12>C12,D12>B12),"",Fixed_Opportunity!U12) | Q12: =Marginal_Model!N12 -> 23.233032 | R12: =Marginal_Model!O12 -> 23.981781 | S12: =Marginal_Model!P12 -> 40.617313 | T12: =IF(D12>B12,"",Marginal_Model!Q12) | U12: =IF(D12>C12,"",Inputs!$B$7*M12+Inputs!$B$8*Q12) -> 19.509864 | V12: =IF(D12>C12,"",Inputs!$B$7*N12+Inputs!$B$8*R12) -> 9.1971022 | W12: =IF(D12>C12,"",Inputs!$B$7*O12+Inputs!$B$8*S12) -> 25.830999 | X12: =IF(OR(D12>C12,D12>B12),"",Inputs!$B$7*P12+Inputs!$B$8*T12) | Y12: =IF(D12>C12,"",EXP(-U12)) -> 3.3649123e-09 | Z12: =IF(D12>C12,"",EXP(-V12)) -> 0.00010133262 | AA12: =IF(D12>C12,"",EXP(-W12)) -> 6.0497842e-12 | AB12: =IF(OR(D12>C12,D12>B12),"",EXP(-X12))
A13: =Fixed_Opportunity!A13 -> 1 | B13: =Fixed_Opportunity!B13 -> 4 | C13: =Fixed_Opportunity!C13 -> 15 | D13: =Fixed_Opportunity!D13 -> 14 | E13: =IF(D13>C13,"",Fixed_Opportunity!N13) -> 5.1885464e-11 | F13: =IF(D13>C13,"",Fixed_Opportunity!O13) -> 0.00046415552 | G13: =IF(D13>C13,"",Fixed_Opportunity!P13) -> 6.9180619e-12 | H13: =IF(OR(D13>C13,D13>B13),"",Fixed_Opportunity!Q13) | I13: =Marginal_Model!J13 -> 3.4590309e-12 | J13: =Marginal_Model!K13 -> 4.3626053e-12 | K13: =Marginal_Model!L13 -> 6.5007884e-20 | L13: =IF(D13>B13,"",Marginal_Model!M13) | M13: =IF(D13>C13,"",Fixed_Opportunity!R13) -> 23.681982 | N13: =IF(D13>C13,"",Fixed_Opportunity!S13) -> 7.6752909 | O13: =IF(D13>C13,"",Fixed_Opportunity!T13) -> 25.696885 | P13: =IF(OR(D13>C13,D13>B13),"",Fixed_Opportunity!U13) | Q13: =Marginal_Model!N13 -> 26.390033 | R13: =Marginal_Model!O13 -> 26.157952 | S13: =Marginal_Model!P13 -> 44.179778 | T13: =IF(D13>B13,"",Marginal_Model!Q13) | U13: =IF(D13>C13,"",Inputs!$B$7*M13+Inputs!$B$8*Q13) -> 24.223592 | V13: =IF(D13>C13,"",Inputs!$B$7*N13+Inputs!$B$8*R13) -> 11.371823 | W13: =IF(D13>C13,"",Inputs!$B$7*O13+Inputs!$B$8*S13) -> 29.393464 | X13: =IF(OR(D13>C13,D13>B13),"",Inputs!$B$7*P13+Inputs!$B$8*T13) | Y13: =IF(D13>C13,"",EXP(-U13)) -> 3.0187521e-11 | Z13: =IF(D13>C13,"",EXP(-V13)) -> 1.1515426e-05 | AA13: =IF(D13>C13,"",EXP(-W13)) -> 1.7162508e-13 | AB13: =IF(OR(D13>C13,D13>B13),"",EXP(-X13))
... A27: =Fixed_Opportunity!A27 -> 2 | B27: =Fixed_Opportunity!B27 -> 5 | C27: =Fixed_Opportunity!C27 -> 15 | D27: =Fixed_Opportunity!D27 -> 15 | E27: =IF(D27>C27,"",Fixed_Opportunity!N27) -> 2.1929703e-15 | F27: =IF(D27>C27,"",Fixed_Opportunity!O27) -> 1.3384739e-05 | G27: =IF(D27>C27,"",Fixed_Opportunity!P27) -> 2.1929703e-15 | H27: =IF(OR(D27>C27,D27>B27),"",Fixed_Opportunity!Q27) | I27: =Marginal_Model!J27 -> 2.1929703e-15 | J27: =Marginal_Model!K27 -> 2.5155004e-13 | K27: =Marginal_Model!L27 -> 4.1213958e-23 | L27: =IF(D27>B27,"",Marginal_Model!M27) | M27: =IF(D27>C27,"",Fixed_Opportunity!R27) -> 33.753519 | N27: =IF(D27>C27,"",Fixed_Opportunity!S27) -> 11.221395 | O27: =IF(D27>C27,"",Fixed_Opportunity!T27) -> 33.753519 | P27: =IF(OR(D27>C27,D27>B27),"",Fixed_Opportunity!U27) | Q27: =Marginal_Model!N27 -> 33.753519 | R27: =Marginal_Model!O27 -> 29.011134 | S27: =Marginal_Model!P27 -> 51.543265 | T27: =IF(D27>B27,"",Marginal_Model!Q27) | U27: =IF(D27>C27,"",Inputs!$B$7*M27+Inputs!$B$8*Q27) -> 33.753519 | V27: =IF(D27>C27,"",Inputs!$B$7*N27+Inputs!$B$8*R27) -> 14.779343 | W27: =IF(D27>C27,"",Inputs!$B$7*O27+Inputs!$B$8*S27) -> 37.311469 | X27: =IF(OR(D27>C27,D27>B27),"",Inputs!$B$7*P27+Inputs!$B$8*T27) | Y27: =IF(D27>C27,"",EXP(-U27)) -> 2.1929703e-15 | Z27: =IF(D27>C27,"",EXP(-V27)) -> 3.814282e-07 | AA27: =IF(D27>C27,"",EXP(-W27)) -> 6.249353e-17 | AB27: =IF(OR(D27>C27,D27>B27),"",EXP(-X27))

Sheet Final_Fixed_Tables
A1: Final comparison tables — fixed-opportunity model
A2: Uses opportunity window m from Inputs!B9; default m=15 so sizes 3–15 are all comparable. Fixed layer is bounded P>=1 estimate from expected opportunities; Combined = alpha fixed + (1-alpha) marginal in log difficulty space.
A4: Deck 1 — probabilities / bounded P>=1
A5: Size | B5: Fixed C | C5: Fixed T | D5: Fixed PT | E5: Fixed Ench | F5: Marginal C | G5: Marginal T | H5: Marginal PT | I5: Marginal Ench | J5: Combined C | K5: Combined T | L5: Combined PT | M5: Combined Ench
A6: 3 | B6: =IF($A6>Inputs!$B$9,"",Combined_Fixed_Model!E2) -> 1 | C6: =IF($A6>Inputs!$B$9,"",Combined_Fixed_Model!F2) -> 0.99998431 | D6: =IF($A6>Inputs!$B$9,"",Combined_Fixed_Model!G2) -> 0.49912992 | E6: =IF(OR($A6>Inputs!$B$9,$A6>4),"",Combined_Fixed_Model!H2) -> 0.549672 | F6: =IF($A6>Inputs!$B$9,"",Combined_Fixed_Model!I2) -> 0.053185272 | G6: =IF($A6>Inputs!$B$9,"",Combined_Fixed_Model!J2) -> 0.024313267 | H6: =IF($A6>Inputs!$B$9,"",Combined_Fixed_Model!K2) -> 0.0015195792 | I6: =IF(OR($A6>Inputs!$B$9,$A6>4),"",Combined_Fixed_Model!L2) -> 0.0017533606 | J6: =IF($A6>Inputs!$B$9,"",Combined_Fixed_Model!Y2) -> 0.55610689 | K6: =IF($A6>Inputs!$B$9,"",Combined_Fixed_Model!Z2) -> 0.4755139 | L6: =IF($A6>Inputs!$B$9,"",Combined_Fixed_Model!AA2) -> 0.15664464 | M6: =IF(OR($A6>Inputs!$B$9,$A6>4),"",Combined_Fixed_Model!AB2) -> 0.1741234
A7: 4 | B7: =IF($A7>Inputs!$B$9,"",Combined_Fixed_Model!E3) -> 0.99999977 | C7: =IF($A7>Inputs!$B$9,"",Combined_Fixed_Model!F3) -> 0.99981575 | D7: =IF($A7>Inputs!$B$9,"",Combined_Fixed_Model!G3) -> 0.12572717 | E7: =IF(OR($A7>Inputs!$B$9,$A7>4),"",Combined_Fixed_Model!H3) -> 0.04111907 | F7: =IF($A7>Inputs!$B$9,"",Combined_Fixed_Model!I3) -> 0.011196899 | G7: =IF($A7>Inputs!$B$9,"",Combined_Fixed_Model!J3) -> 0.003149897 | H7: =IF($A7>Inputs!$B$9,"",Combined_Fixed_Model!K3) -> 4.921714e-05 | I7: =IF(OR($A7>Inputs!$B$9,$A7>4),"",Combined_Fixed_Model!L3) -> 3.0760712e-05 | J7: =IF($A7>Inputs!$B$9,"",Combined_Fixed_Model!Y3) -> 0.40721098 | K7: =IF($A7>Inputs!$B$9,"",Combined_Fixed_Model!Z3) -> 0.31593319 | L7: =IF($A7>Inputs!$B$9,"",Combined_Fixed_Model!AA3) -> 0.026179816 | M7: =IF(OR($A7>Inputs!$B$9,$A7>4),"",Combined_Fixed_Model!AB3) -> 0.0097461683
A8: 5 | B8: =IF($A8>Inputs!$B$9,"",Combined_Fixed_Model!E4) -> 0.99864611 | C8: =IF($A8>Inputs!$B$9,"",Combined_Fixed_Model!F4) -> 0.9979573 | D8: =IF($A8>Inputs!$B$9,"",Combined_Fixed_Model!G4) -> 0.023902988 | E8: =IF(OR($A8>Inputs!$B$9,$A8>4),"",Combined_Fixed_Model!H4) | F8: =IF($A8>Inputs!$B$9,"",Combined_Fixed_Model!I4) -> 0.0021993909 | G8: =IF($A8>Inputs!$B$9,"",Combined_Fixed_Model!J4) -> 0.00041248651 | H8: =IF($A8>Inputs!$B$9,"",Combined_Fixed_Model!K4) -> 1.6112754e-06 | I8: =IF(OR($A8>Inputs!$B$9,$A8>4),"",Combined_Fixed_Model!L4) | J8: =IF($A8>Inputs!$B$9,"",Combined_Fixed_Model!Y4) -> 0.29375805 | K8: =IF($A8>Inputs!$B$9,"",Combined_Fixed_Model!Z4) -> 0.21007362 | L8: =IF($A8>Inputs!$B$9,"",Combined_Fixed_Model!AA4) -> 0.0035010291 | M8: =IF(OR($A8>Inputs!$B$9,$A8>4),"",Combined_Fixed_Model!AB4)
A9: 6 | B9: =IF($A9>Inputs!$B$9,"",Combined_Fixed_Model!E5) -> 0.86486024 | C9: =IF($A9>Inputs!$B$9,"",Combined_Fixed_Model!F5) -> 0.98334202 | D9: =IF($A9>Inputs!$B$9,"",Combined_Fixed_Model!G5) -> 0.0039909077 | E9: =IF(OR($A9>Inputs!$B$9,$A9>4),"",Combined_Fixed_Model!H5) | F9: =IF($A9>Inputs!$B$9,"",Combined_Fixed_Model!I5) -> 0.00039988926 | G9: =IF($A9>Inputs!$B$9,"",Combined_Fixed_Model!J5) -> 5.454367e-05 | H9: =IF($A9>Inputs!$B$9,"",Combined_Fixed_Model!K5) -> 5.3265303e-08 | I9: =IF(OR($A9>Inputs!$B$9,$A9>4),"",Combined_Fixed_Model!L5) | J9: =IF($A9>Inputs!$B$9,"",Combined_Fixed_Model!Y5) -> 0.186185 | K9: =IF($A9>Inputs!$B$9,"",Combined_Fixed_Model!Z5) -> 0.13852002 | L9: =IF($A9>Inputs!$B$9,"",Combined_Fixed_Model!AA5) -> 0.00042281095 | M9: =IF(OR($A9>Inputs!$B$9,$A9>4),"",Combined_Fixed_Model!AB5)
A10: 7 | B10: =IF($A10>Inputs!$B$9,"",Combined_Fixed_Model!E6) -> 0.34876273 | C10: =IF($A10>Inputs!$B$9,"",Combined_Fixed_Model!F6) -> 0.91430147 | D10: =IF($A10>Inputs!$B$9,"",Combined_Fixed_Model!G6) -> 0.00059965403 | E10: =IF(OR($A10>Inputs!$B$9,$A10>4),"",Combined_Fixed_Model!H6) | F10: =IF($A10>Inputs!$B$9,"",Combined_Fixed_Model!I6) -> 6.664821e-05 | G10: =IF($A10>Inputs!$B$9,"",Combined_Fixed_Model!J6) -> 7.2724894e-06 | H10: =IF($A10>Inputs!$B$9,"",Combined_Fixed_Model!K6) -> 1.7755101e-09 | I10: =IF(OR($A10>Inputs!$B$9,$A10>4),"",Combined_Fixed_Model!L6) | J10: =IF($A10>Inputs!$B$9,"",Combined_Fixed_Model!Y6) -> 0.062918992 | K10: =IF($A10>Inputs!$B$9,"",Combined_Fixed_Model!Z6) -> 0.087338988 | L10: =IF($A10>Inputs!$B$9,"",Combined_Fixed_Model!AA6) -> 4.7009457e-05 | M10: =IF(OR($A10>Inputs!$B$9,$A10>4),"",Combined_Fixed_Model!AB6)
A11: 8 | B11: =IF($A11>Inputs!$B$9,"",Combined_Fixed_Model!E7) -> 0.062685859 | C11: =IF($A11>Inputs!$B$9,"",Combined_Fixed_Model!F7) -> 0.73249001 | D11: =IF($A11>Inputs!$B$9,"",Combined_Fixed_Model!G7) -> 8.0477619e-05 | E11: =IF(OR($A11>Inputs!$B$9,$A11>4),"",Combined_Fixed_Model!H7) | F11: =IF($A11>Inputs!$B$9,"",Combined_Fixed_Model!I7) -> 1.0060107e-05 | G11: =IF($A11>Inputs!$B$9,"",Combined_Fixed_Model!J7) -> 9.7576377e-07 | H11: =IF($A11>Inputs!$B$9,"",Combined_Fixed_Model!K7) -> 5.9555894e-11 | I11: =IF(OR($A11>Inputs!$B$9,$A11>4),"",Combined_Fixed_Model!L7) | J11: =IF($A11>Inputs!$B$9,"",Combined_Fixed_Model!Y7) -> 0.010920844 | K11: =IF($A11>Inputs!$B$9,"",Combined_Fixed_Model!Z7) -> 0.048945222 | L11: =IF($A11>Inputs!$B$9,"",Combined_Fixed_Model!AA7) -> 4.7810694e-06 | M11: =IF(OR($A11>Inputs!$B$9,$A11>4),"",Combined_Fixed_Model!AB7)
A12: 9 | B12: =IF($A12>Inputs!$B$9,"",Combined_Fixed_Model!E8) -> 0.0067550784 | C12: =IF($A12>Inputs!$B$9,"",Combined_Fixed_Model!F8) -> 0.46273439 | D12: =IF($A12>Inputs!$B$9,"",Combined_Fixed_Model!G8) -> 9.4796715e-06 | E12: =IF(OR($A12>Inputs!$B$9,$A12>4),"",Combined_Fixed_Model!H8) | F12: =IF($A12>Inputs!$B$9,"",Combined_Fixed_Model!I8) -> 1.3542452e-06 | G12: =IF($A12>Inputs!$B$9,"",Combined_Fixed_Model!J8) -> 1.3135282e-07 | H12: =IF($A12>Inputs!$B$9,"",Combined_Fixed_Model!K8) -> 2.0042849e-12 | I12: =IF(OR($A12>Inputs!$B$9,$A12>4),"",Combined_Fixed_Model!L8) | J12: =IF($A12>Inputs!$B$9,"",Combined_Fixed_Model!Y8) -> 0.0012303928 | K12: =IF($A12>Inputs!$B$9,"",Combined_Fixed_Model!Z8) -> 0.022696208 | L12: =IF($A12>Inputs!$B$9,"",Combined_Fixed_Model!AA8) -> 4.3835556e-07 | M12: =IF(OR($A12>Inputs!$B$9,$A12>4),"",Combined_Fixed_Model!AB8)
A13: 10 | B13: =IF($A13>Inputs!$B$9,"",Combined_Fixed_Model!E9) -> 0.00047833243 | C13: =IF($A13>Inputs!$B$9,"",Combined_Fixed_Model!F9) -> 0.22166119 | D13: =IF($A13>Inputs!$B$9,"",Combined_Fixed_Model!G9) -> 9.5593733e-07 | E13: =IF(OR($A13>Inputs!$B$9,$A13>4),"",Combined_Fixed_Model!H9) | F13: =IF($A13>Inputs!$B$9,"",Combined_Fixed_Model!I9) -> 1.5932296e-07 | G13: =IF($A13>Inputs!$B$9,"",Combined_Fixed_Model!J9) -> 1.7660883e-08 | H13: =IF($A13>Inputs!$B$9,"",Combined_Fixed_Model!K9) -> 6.7370921e-14 | I13: =IF(OR($A13>Inputs!$B$9,$A13>4),"",Combined_Fixed_Model!L9) | J13: =IF($A13>Inputs!$B$9,"",Combined_Fixed_Model!Y9) -> 9.6436077e-05 | K13: =IF($A13>Inputs!$B$9,"",Combined_Fixed_Model!Z9) -> 0.0084324583 | L13: =IF($A13>Inputs!$B$9,"",Combined_Fixed_Model!AA9) -> 3.5484446e-08 | M13: =IF(OR($A13>Inputs!$B$9,$A13>4),"",Combined_Fixed_Model!AB9)
A14: 11 | B14: =IF($A14>Inputs!$B$9,"",Combined_Fixed_Model!E10) -> 2.1747348e-05 | C14: =IF($A14>Inputs!$B$9,"",Combined_Fixed_Model!F10) -> 0.080137539 | D14: =IF($A14>Inputs!$B$9,"",Combined_Fixed_Model!G10) -> 7.9661479e-08 | E14: =IF(OR($A14>Inputs!$B$9,$A14>4),"",Combined_Fixed_Model!H10) | F14: =IF($A14>Inputs!$B$9,"",Combined_Fixed_Model!I10) -> 1.5932296e-08 | G14: =IF($A14>Inputs!$B$9,"",Combined_Fixed_Model!J10) -> 2.3547844e-09 | H14: =IF($A14>Inputs!$B$9,"",Combined_Fixed_Model!K10) -> 2.2456974e-15 | I14: =IF(OR($A14>Inputs!$B$9,$A14>4),"",Combined_Fixed_Model!L10) | J14: =IF($A14>Inputs!$B$9,"",Combined_Fixed_Model!Y10) -> 5.1331118e-06 | K14: =IF($A14>Inputs!$B$9,"",Combined_Fixed_Model!Z10) -> 0.0024972328 | L14: =IF($A14>Inputs!$B$9,"",Combined_Fixed_Model!AA10) -> 2.4618917e-09 | M14: =IF(OR($A14>Inputs!$B$9,$A14>4),"",Combined_Fixed_Model!AB10)
A15: 12 | B15: =IF($A15>Inputs!$B$9,"",Combined_Fixed_Model!E11) -> 5.9177084e-07 | C15: =IF($A15>Inputs!$B$9,"",Combined_Fixed_Model!F11) -> 0.021584032 | D15: =IF($A15>Inputs!$B$9,"",Combined_Fixed_Model!G11) -> 5.2023825e-09 | E15: =IF(OR($A15>Inputs!$B$9,$A15>4),"",Combined_Fixed_Model!H11) | F15: =IF($A15>Inputs!$B$9,"",Combined_Fixed_Model!I11) -> 1.3005956e-09 | G15: =IF($A15>Inputs!$B$9,"",Combined_Fixed_Model!J11) -> 3.0756367e-10 | H15: =IF($A15>Inputs!$B$9,"",Combined_Fixed_Model!K11) -> 7.3328894e-17 | I15: =IF(OR($A15>Inputs!$B$9,$A15>4),"",Combined_Fixed_Model!L11) | J15: =IF($A15>Inputs!$B$9,"",Combined_Fixed_Model!Y11) -> 1.7400082e-07 | K15: =IF($A15>Inputs!$B$9,"",Combined_Fixed_Model!Z11) -> 0.0005819599 | L15: =IF($A15>Inputs!$B$9,"",Combined_Fixed_Model!AA11) -> 1.3996416e-10 | M15: =IF(OR($A15>Inputs!$B$9,$A15>4),"",Combined_Fixed_Model!AB11)
A16: 13 | B16: =IF($A16>Inputs!$B$9,"",Combined_Fixed_Model!E12) -> 8.5351588e-09 | C16: =IF($A16>Inputs!$B$9,"",Combined_Fixed_Model!F12) -> 0.004082962 | D16: =IF($A16>Inputs!$B$9,"",Combined_Fixed_Model!G12) -> 2.4386168e-10 | E16: =IF(OR($A16>Inputs!$B$9,$A16>4),"",Combined_Fixed_Model!H12) | F16: =IF($A16>Inputs!$B$9,"",Combined_Fixed_Model!I12) -> 8.1287227e-11 | G16: =IF($A16>Inputs!$B$9,"",Combined_Fixed_Model!J12) -> 3.8445459e-11 | H16: =IF($A16>Inputs!$B$9,"",Combined_Fixed_Model!K12) -> 2.2915279e-18 | I16: =IF(OR($A16>Inputs!$B$9,$A16>4),"",Combined_Fixed_Model!L12) | J16: =IF($A16>Inputs!$B$9,"",Combined_Fixed_Model!Y12) -> 3.3649123e-09 | K16: =IF($A16>Inputs!$B$9,"",Combined_Fixed_Model!Z12) -> 0.00010133262 | L16: =IF($A16>Inputs!$B$9,"",Combined_Fixed_Model!AA12) -> 6.0497842e-12 | M16: =IF(OR($A16>Inputs!$B$9,$A16>4),"",Combined_Fixed_Model!AB12)
A17: 14 | B17: =IF($A17>Inputs!$B$9,"",Combined_Fixed_Model!E13) -> 5.1885464e-11 | C17: =IF($A17>Inputs!$B$9,"",Combined_Fixed_Model!F13) -> 0.00046415552 | D17: =IF($A17>Inputs!$B$9,"",Combined_Fixed_Model!G13) -> 6.9180619e-12 | E17: =IF(OR($A17>Inputs!$B$9,$A17>4),"",Combined_Fixed_Model!H13) | F17: =IF($A17>Inputs!$B$9,"",Combined_Fixed_Model!I13) -> 3.4590309e-12 | G17: =IF($A17>Inputs!$B$9,"",Combined_Fixed_Model!J13) -> 4.3626053e-12 | H17: =IF($A17>Inputs!$B$9,"",Combined_Fixed_Model!K13) -> 6.5007884e-20 | I17: =IF(OR($A17>Inputs!$B$9,$A17>4),"",Combined_Fixed_Model!L13) | J17: =IF($A17>Inputs!$B$9,"",Combined_Fixed_Model!Y13) -> 3.0187521e-11 | K17: =IF($A17>Inputs!$B$9,"",Combined_Fixed_Model!Z13) -> 1.1515426e-05 | L17: =IF($A17>Inputs!$B$9,"",Combined_Fixed_Model!AA13) -> 1.7162508e-13 | M17: =IF(OR($A17>Inputs!$B$9,$A17>4),"",Combined_Fixed_Model!AB13)
A18: 15 | B18: =IF($A18>Inputs!$B$9,"",Combined_Fixed_Model!E14) -> 7.5196325e-14 | C18: =IF($A18>Inputs!$B$9,"",Combined_Fixed_Model!F14) -> 2.0185156e-05 | D18: =IF($A18>Inputs!$B$9,"",Combined_Fixed_Model!G14) -> 7.5196325e-14 | E18: =IF(OR($A18>Inputs!$B$9,$A18>4),"",Combined_Fixed_Model!H14) | F18: =IF($A18>Inputs!$B$9,"",Combined_Fixed_Model!I14) -> 7.5196325e-14 | G18: =IF($A18>Inputs!$B$9,"",Combined_Fixed_Model!J14) -> 3.7935698e-13 | H18: =IF($A18>Inputs!$B$9,"",Combined_Fixed_Model!K14) -> 1.4132149e-21 | I18: =IF(OR($A18>Inputs!$B$9,$A18>4),"",Combined_Fixed_Model!L14) | J18: =IF($A18>Inputs!$B$9,"",Combined_Fixed_Model!Y14) -> 7.5196325e-14 | K18: =IF($A18>Inputs!$B$9,"",Combined_Fixed_Model!Z14) -> 5.7522176e-07 | L18: =IF($A18>Inputs!$B$9,"",Combined_Fixed_Model!AA14) -> 2.1428853e-15 | M18: =IF(OR($A18>Inputs!$B$9,$A18>4),"",Combined_Fixed_Model!AB14)
A21: Deck 1 — -LN(probability) difficulties
A22: Size | B22: Fixed C | C22: Fixed T | D22: Fixed PT | E22: Fixed Ench | F22: Marginal C | G22: Marginal T | H22: Marginal PT | I22: Marginal Ench | J22: Combined C | K22: Combined T | L22: Combined PT | M22: Combined Ench
A23: 3 | B23: =IF($A23>Inputs!$B$9,"",Combined_Fixed_Model!M2) -> 3.0929925e-11 | C23: =IF($A23>Inputs!$B$9,"",Combined_Fixed_Model!N2) -> 1.5689346e-05 | D23: =IF($A23>Inputs!$B$9,"",Combined_Fixed_Model!O2) -> 0.69488886 | E23: =IF(OR($A23>Inputs!$B$9,$A23>4),"",Combined_Fixed_Model!P2) -> 0.59843354 | F23: =IF($A23>Inputs!$B$9,"",Combined_Fixed_Model!Q2) -> 2.9339738 | G23: =IF($A23>Inputs!$B$9,"",Combined_Fixed_Model!R2) -> 3.7167331 | H23: =IF($A23>Inputs!$B$9,"",Combined_Fixed_Model!S2) -> 6.4893218 | I23: =IF(OR($A23>Inputs!$B$9,$A23>4),"",Combined_Fixed_Model!T2) -> 6.346221 | J23: =IF($A23>Inputs!$B$9,"",Combined_Fixed_Model!U2) -> 0.58679475 | K23: =IF($A23>Inputs!$B$9,"",Combined_Fixed_Model!V2) -> 0.74335917 | L23: =IF($A23>Inputs!$B$9,"",Combined_Fixed_Model!W2) -> 1.8537755 | M23: =IF(OR($A23>Inputs!$B$9,$A23>4),"",Combined_Fixed_Model!X2) -> 1.747991
A24: 4 | B24: =IF($A24>Inputs!$B$9,"",Combined_Fixed_Model!M3) -> 2.3032662e-07 | C24: =IF($A24>Inputs!$B$9,"",Combined_Fixed_Model!N3) -> 0.00018426667 | D24: =IF($A24>Inputs!$B$9,"",Combined_Fixed_Model!O3) -> 2.073641 | E24: =IF(OR($A24>Inputs!$B$9,$A24>4),"",Combined_Fixed_Model!P3) -> 3.1912833 | F24: =IF($A24>Inputs!$B$9,"",Combined_Fixed_Model!Q3) -> 4.4921184 | G24: =IF($A24>Inputs!$B$9,"",Combined_Fixed_Model!R3) -> 5.7603855 | H24: =IF($A24>Inputs!$B$9,"",Combined_Fixed_Model!S3) -> 9.9192686 | I24: =IF(OR($A24>Inputs!$B$9,$A24>4),"",Combined_Fixed_Model!T3) -> 10.389272 | J24: =IF($A24>Inputs!$B$9,"",Combined_Fixed_Model!U3) -> 0.89842386 | K24: =IF($A24>Inputs!$B$9,"",Combined_Fixed_Model!V3) -> 1.1522245 | L24: =IF($A24>Inputs!$B$9,"",Combined_Fixed_Model!W3) -> 3.6427665 | M24: =IF(OR($A24>Inputs!$B$9,$A24>4),"",Combined_Fixed_Model!X3) -> 4.6308811
A25: 5 | B25: =IF($A25>Inputs!$B$9,"",Combined_Fixed_Model!M4) -> 0.0013548105 | C25: =IF($A25>Inputs!$B$9,"",Combined_Fixed_Model!N4) -> 0.0020447849 | D25: =IF($A25>Inputs!$B$9,"",Combined_Fixed_Model!O4) -> 3.7337518 | E25: =IF(OR($A25>Inputs!$B$9,$A25>4),"",Combined_Fixed_Model!P4) | F25: =IF($A25>Inputs!$B$9,"",Combined_Fixed_Model!Q4) -> 6.1195748 | G25: =IF($A25>Inputs!$B$9,"",Combined_Fixed_Model!R4) -> 7.7933071 | H25: =IF($A25>Inputs!$B$9,"",Combined_Fixed_Model!S4) -> 13.338485 | I25: =IF(OR($A25>Inputs!$B$9,$A25>4),"",Combined_Fixed_Model!T4) | J25: =IF($A25>Inputs!$B$9,"",Combined_Fixed_Model!U4) -> 1.2249988 | K25: =IF($A25>Inputs!$B$9,"",Combined_Fixed_Model!V4) -> 1.5602972 | L25: =IF($A25>Inputs!$B$9,"",Combined_Fixed_Model!W4) -> 5.6546983 | M25: =IF(OR($A25>Inputs!$B$9,$A25>4),"",Combined_Fixed_Model!X4)
A26: 6 | B26: =IF($A26>Inputs!$B$9,"",Combined_Fixed_Model!M5) -> 0.14518736 | C26: =IF($A26>Inputs!$B$9,"",Combined_Fixed_Model!N5) -> 0.016798282 | D26: =IF($A26>Inputs!$B$9,"",Combined_Fixed_Model!O5) -> 5.5237366 | E26: =IF(OR($A26>Inputs!$B$9,$A26>4),"",Combined_Fixed_Model!P5) | F26: =IF($A26>Inputs!$B$9,"",Combined_Fixed_Model!Q5) -> 7.8243229 | G26: =IF($A26>Inputs!$B$9,"",Combined_Fixed_Model!R5) -> 9.8165089 | H26: =IF($A26>Inputs!$B$9,"",Combined_Fixed_Model!S5) -> 16.747981 | I26: =IF(OR($A26>Inputs!$B$9,$A26>4),"",Combined_Fixed_Model!T5) | J26: =IF($A26>Inputs!$B$9,"",Combined_Fixed_Model!U5) -> 1.6810145 | K26: =IF($A26>Inputs!$B$9,"",Combined_Fixed_Model!V5) -> 1.9767404 | L26: =IF($A26>Inputs!$B$9,"",Combined_Fixed_Model!W5) -> 7.7685854 | M26: =IF(OR($A26>Inputs!$B$9,$A26>4),"",Combined_Fixed_Model!X5)
A27: 7 | B27: =IF($A27>Inputs!$B$9,"",Combined_Fixed_Model!M6) -> 1.0533634 | C27: =IF($A27>Inputs!$B$9,"",Combined_Fixed_Model!N6) -> 0.089594925 | D27: =IF($A27>Inputs!$B$9,"",Combined_Fixed_Model!O6) -> 7.4191577 | E27: =IF(OR($A27>Inputs!$B$9,$A27>4),"",Combined_Fixed_Model!P6) | F27: =IF($A27>Inputs!$B$9,"",Combined_Fixed_Model!Q6) -> 9.6160824 | G27: =IF($A27>Inputs!$B$9,"",Combined_Fixed_Model!R6) -> 11.831412 | H27: =IF($A27>Inputs!$B$9,"",Combined_Fixed_Model!S6) -> 20.149178 | I27: =IF(OR($A27>Inputs!$B$9,$A27>4),"",Combined_Fixed_Model!T6) | J27: =IF($A27>Inputs!$B$9,"",Combined_Fixed_Model!U6) -> 2.7659072 | K27: =IF($A27>Inputs!$B$9,"",Combined_Fixed_Model!V6) -> 2.4379583 | L27: =IF($A27>Inputs!$B$9,"",Combined_Fixed_Model!W6) -> 9.9651618 | M27: =IF(OR($A27>Inputs!$B$9,$A27>4),"",Combined_Fixed_Model!X6)
A28: 8 | B28: =IF($A28>Inputs!$B$9,"",Combined_Fixed_Model!M7) -> 2.7696194 | C28: =IF($A28>Inputs!$B$9,"",Combined_Fixed_Model!N7) -> 0.31130557 | D28: =IF($A28>Inputs!$B$9,"",Combined_Fixed_Model!O7) -> 9.4275314 | E28: =IF(OR($A28>Inputs!$B$9,$A28>4),"",Combined_Fixed_Model!P7) | F28: =IF($A28>Inputs!$B$9,"",Combined_Fixed_Model!Q7) -> 11.506933 | G28: =IF($A28>Inputs!$B$9,"",Combined_Fixed_Model!R7) -> 13.840045 | H28: =IF($A28>Inputs!$B$9,"",Combined_Fixed_Model!S7) -> 23.544106 | I28: =IF(OR($A28>Inputs!$B$9,$A28>4),"",Combined_Fixed_Model!T7) | J28: =IF($A28>Inputs!$B$9,"",Combined_Fixed_Model!U7) -> 4.5170821 | K28: =IF($A28>Inputs!$B$9,"",Combined_Fixed_Model!V7) -> 3.0170535 | L28: =IF($A28>Inputs!$B$9,"",Combined_Fixed_Model!W7) -> 12.250846 | M28: =IF(OR($A28>Inputs!$B$9,$A28>4),"",Combined_Fixed_Model!X7)
A29: 9 | B29: =IF($A29>Inputs!$B$9,"",Combined_Fixed_Model!M8) -> 4.9974607 | C29: =IF($A29>Inputs!$B$9,"",Combined_Fixed_Model!N8) -> 0.77060205 | D29: =IF($A29>Inputs!$B$9,"",Combined_Fixed_Model!O8) -> 11.566361 | E29: =IF(OR($A29>Inputs!$B$9,$A29>4),"",Combined_Fixed_Model!P8) | F29: =IF($A29>Inputs!$B$9,"",Combined_Fixed_Model!Q8) -> 13.512266 | G29: =IF($A29>Inputs!$B$9,"",Combined_Fixed_Model!R8) -> 15.845379 | H29: =IF($A29>Inputs!$B$9,"",Combined_Fixed_Model!S8) -> 26.935734 | I29: =IF(OR($A29>Inputs!$B$9,$A29>4),"",Combined_Fixed_Model!T8) | J29: =IF($A29>Inputs!$B$9,"",Combined_Fixed_Model!U8) -> 6.7004218 | K29: =IF($A29>Inputs!$B$9,"",Combined_Fixed_Model!V8) -> 3.7855574 | L29: =IF($A29>Inputs!$B$9,"",Combined_Fixed_Model!W8) -> 14.640235 | M29: =IF(OR($A29>Inputs!$B$9,$A29>4),"",Combined_Fixed_Model!X8)
A30: 10 | B30: =IF($A30>Inputs!$B$9,"",Combined_Fixed_Model!M9) -> 7.6452046 | C30: =IF($A30>Inputs!$B$9,"",Combined_Fixed_Model!N9) -> 1.5066053 | D30: =IF($A30>Inputs!$B$9,"",Combined_Fixed_Model!O9) -> 13.860573 | E30: =IF(OR($A30>Inputs!$B$9,$A30>4),"",Combined_Fixed_Model!P9) | F30: =IF($A30>Inputs!$B$9,"",Combined_Fixed_Model!Q9) -> 15.652332 | G30: =IF($A30>Inputs!$B$9,"",Combined_Fixed_Model!R9) -> 17.851914 | H30: =IF($A30>Inputs!$B$9,"",Combined_Fixed_Model!S9) -> 30.328563 | I30: =IF(OR($A30>Inputs!$B$9,$A30>4),"",Combined_Fixed_Model!T9) | J30: =IF($A30>Inputs!$B$9,"",Combined_Fixed_Model!U9) -> 9.2466302 | K30: =IF($A30>Inputs!$B$9,"",Combined_Fixed_Model!V9) -> 4.7756669 | L30: =IF($A30>Inputs!$B$9,"",Combined_Fixed_Model!W9) -> 17.154171 | M30: =IF(OR($A30>Inputs!$B$9,$A30>4),"",Combined_Fixed_Model!X9)
A31: 11 | B31: =IF($A31>Inputs!$B$9,"",Combined_Fixed_Model!M10) -> 10.736019 | C31: =IF($A31>Inputs!$B$9,"",Combined_Fixed_Model!N10) -> 2.5240109 | D31: =IF($A31>Inputs!$B$9,"",Combined_Fixed_Model!O10) -> 16.34548 | E31: =IF(OR($A31>Inputs!$B$9,$A31>4),"",Combined_Fixed_Model!P10) | F31: =IF($A31>Inputs!$B$9,"",Combined_Fixed_Model!Q10) -> 17.954918 | G31: =IF($A31>Inputs!$B$9,"",Combined_Fixed_Model!R10) -> 19.866817 | H31: =IF($A31>Inputs!$B$9,"",Combined_Fixed_Model!S10) -> 33.72976 | I31: =IF(OR($A31>Inputs!$B$9,$A31>4),"",Combined_Fixed_Model!T10) | J31: =IF($A31>Inputs!$B$9,"",Combined_Fixed_Model!U10) -> 12.179798 | K31: =IF($A31>Inputs!$B$9,"",Combined_Fixed_Model!V10) -> 5.992572 | L31: =IF($A31>Inputs!$B$9,"",Combined_Fixed_Model!W10) -> 19.822336 | M31: =IF(OR($A31>Inputs!$B$9,$A31>4),"",Combined_Fixed_Model!X10)
A32: 12 | B32: =IF($A32>Inputs!$B$9,"",Combined_Fixed_Model!M11) -> 14.340146 | C32: =IF($A32>Inputs!$B$9,"",Combined_Fixed_Model!N11) -> 3.8358015 | D32: =IF($A32>Inputs!$B$9,"",Combined_Fixed_Model!O11) -> 19.074149 | E32: =IF(OR($A32>Inputs!$B$9,$A32>4),"",Combined_Fixed_Model!P11) | F32: =IF($A32>Inputs!$B$9,"",Combined_Fixed_Model!Q11) -> 20.460443 | G32: =IF($A32>Inputs!$B$9,"",Combined_Fixed_Model!R11) -> 21.902339 | H32: =IF($A32>Inputs!$B$9,"",Combined_Fixed_Model!S11) -> 37.151577 | I32: =IF(OR($A32>Inputs!$B$9,$A32>4),"",Combined_Fixed_Model!T11) | J32: =IF($A32>Inputs!$B$9,"",Combined_Fixed_Model!U11) -> 15.564206 | K32: =IF($A32>Inputs!$B$9,"",Combined_Fixed_Model!V11) -> 7.449109 | L32: =IF($A32>Inputs!$B$9,"",Combined_Fixed_Model!W11) -> 22.689635 | M32: =IF(OR($A32>Inputs!$B$9,$A32>4),"",Combined_Fixed_Model!X11)
A33: 13 | B33: =IF($A33>Inputs!$B$9,"",Combined_Fixed_Model!M12) -> 18.579072 | C33: =IF($A33>Inputs!$B$9,"",Combined_Fixed_Model!N12) -> 5.5009326 | D33: =IF($A33>Inputs!$B$9,"",Combined_Fixed_Model!O12) -> 22.13442 | E33: =IF(OR($A33>Inputs!$B$9,$A33>4),"",Combined_Fixed_Model!P12) | F33: =IF($A33>Inputs!$B$9,"",Combined_Fixed_Model!Q12) -> 23.233032 | G33: =IF($A33>Inputs!$B$9,"",Combined_Fixed_Model!R12) -> 23.981781 | H33: =IF($A33>Inputs!$B$9,"",Combined_Fixed_Model!S12) -> 40.617313 | I33: =IF(OR($A33>Inputs!$B$9,$A33>4),"",Combined_Fixed_Model!T12) | J33: =IF($A33>Inputs!$B$9,"",Combined_Fixed_Model!U12) -> 19.509864 | K33: =IF($A33>Inputs!$B$9,"",Combined_Fixed_Model!V12) -> 9.1971022 | L33: =IF($A33>Inputs!$B$9,"",Combined_Fixed_Model!W12) -> 25.830999 | M33: =IF(OR($A33>Inputs!$B$9,$A33>4),"",Combined_Fixed_Model!X12)
A34: 14 | B34: =IF($A34>Inputs!$B$9,"",Combined_Fixed_Model!M13) -> 23.681982 | C34: =IF($A34>Inputs!$B$9,"",Combined_Fixed_Model!N13) -> 7.6752909 | D34: =IF($A34>Inputs!$B$9,"",Combined_Fixed_Model!O13) -> 25.696885 | E34: =IF(OR($A34>Inputs!$B$9,$A34>4),"",Combined_Fixed_Model!P13) | F34: =IF($A34>Inputs!$B$9,"",Combined_Fixed_Model!Q13) -> 26.390033 | G34: =IF($A34>Inputs!$B$9,"",Combined_Fixed_Model!R13) -> 26.157952 | H34: =IF($A34>Inputs!$B$9,"",Combined_Fixed_Model!S13) -> 44.179778 | I34: =IF(OR($A34>Inputs!$B$9,$A34>4),"",Combined_Fixed_Model!T13) | J34: =IF($A34>Inputs!$B$9,"",Combined_Fixed_Model!U13) -> 24.223592 | K34: =IF($A34>Inputs!$B$9,"",Combined_Fixed_Model!V13) -> 11.371823 | L34: =IF($A34>Inputs!$B$9,"",Combined_Fixed_Model!W13) -> 29.393464 | M34: =IF(OR($A34>Inputs!$B$9,$A34>4),"",Combined_Fixed_Model!X13)
A35: 15 | B35: =IF($A35>Inputs!$B$9,"",Combined_Fixed_Model!M14) -> 30.218674 | C35: =IF($A35>Inputs!$B$9,"",Combined_Fixed_Model!N14) -> 10.810563 | D35: =IF($A35>Inputs!$B$9,"",Combined_Fixed_Model!O14) -> 30.218674 | E35: =IF(OR($A35>Inputs!$B$9,$A35>4),"",Combined_Fixed_Model!P14) | F35: =IF($A35>Inputs!$B$9,"",Combined_Fixed_Model!Q14) -> 30.218674 | G35: =IF($A35>Inputs!$B$9,"",Combined_Fixed_Model!R14) -> 28.600299 | H35: =IF($A35>Inputs!$B$9,"",Combined_Fixed_Model!S14) -> 48.00842 | I35: =IF(OR($A35>Inputs!$B$9,$A35>4),"",Combined_Fixed_Model!T14) | J35: =IF($A35>Inputs!$B$9,"",Combined_Fixed_Model!U14) -> 30.218674 | K35: =IF($A35>Inputs!$B$9,"",Combined_Fixed_Model!V14) -> 14.36851 | L35: =IF($A35>Inputs!$B$9,"",Combined_Fixed_Model!W14) -> 33.776623 | M35: =IF(OR($A35>Inputs!$B$9,$A35>4),"",Combined_Fixed_Model!X14)
A39: Deck 2 — probabilities / bounded P>=1
A40: Size | B40: Fixed C | C40: Fixed T | D40: Fixed PT | E40: Fixed Ench | F40: Marginal C | G40: Marginal T | H40: Marginal PT | I40: Marginal Ench | J40: Combined C | K40: Combined T | L40: Combined PT | M40: Combined Ench
A41: 3 | B41: =IF($A41>Inputs!$B$9,"",Combined_Fixed_Model!E15) -> 0.99999978 | C41: =IF($A41>Inputs!$B$9,"",Combined_Fixed_Model!F15) -> 0.99998244 | D41: =IF($A41>Inputs!$B$9,"",Combined_Fixed_Model!G15) -> 0.35466514 | E41: =IF(OR($A41>Inputs!$B$9,$A41>5),"",Combined_Fixed_Model!H15) -> 0.63604927 | F41: =IF($A41>Inputs!$B$9,"",Combined_Fixed_Model!I15) -> 0.033691225 | G41: =IF($A41>Inputs!$B$9,"",Combined_Fixed_Model!J15) -> 0.024065161 | H41: =IF($A41>Inputs!$B$9,"",Combined_Fixed_Model!K15) -> 0.00096260644 | I41: =IF(OR($A41>Inputs!$B$9,$A41>5),"",Combined_Fixed_Model!L15) -> 0.0022213995 | J41: =IF($A41>Inputs!$B$9,"",Combined_Fixed_Model!Y15) -> 0.50757858 | K41: =IF($A41>Inputs!$B$9,"",Combined_Fixed_Model!Z15) -> 0.47453872 | L41: =IF($A41>Inputs!$B$9,"",Combined_Fixed_Model!AA15) -> 0.10877887 | M41: =IF(OR($A41>Inputs!$B$9,$A41>5),"",Combined_Fixed_Model!AB15) -> 0.20517193
A42: 4 | B42: =IF($A42>Inputs!$B$9,"",Combined_Fixed_Model!E16) -> 0.99953093 | C42: =IF($A42>Inputs!$B$9,"",Combined_Fixed_Model!F16) -> 0.9997802 | D42: =IF($A42>Inputs!$B$9,"",Combined_Fixed_Model!G16) -> 0.065162397 | E42: =IF(OR($A42>Inputs!$B$9,$A42>5),"",Combined_Fixed_Model!H16) -> 0.080778409 | F42: =IF($A42>Inputs!$B$9,"",Combined_Fixed_Model!I16) -> 0.0056152042 | G42: =IF($A42>Inputs!$B$9,"",Combined_Fixed_Model!J16) -> 0.0030852771 | H42: =IF($A42>Inputs!$B$9,"",Combined_Fixed_Model!K16) -> 2.4682216e-05 | I42: =IF(OR($A42>Inputs!$B$9,$A42>5),"",Combined_Fixed_Model!L16) -> 6.1705541e-05 | J42: =IF($A42>Inputs!$B$9,"",Combined_Fixed_Model!Y16) -> 0.35457662 | K42: =IF($A42>Inputs!$B$9,"",Combined_Fixed_Model!Z16) -> 0.3146172 | L42: =IF($A42>Inputs!$B$9,"",Combined_Fixed_Model!AA16) -> 0.013479521 | M42: =IF(OR($A42>Inputs!$B$9,$A42>5),"",Combined_Fixed_Model!AB16) -> 0.019226537
A43: 5 | B43: =IF($A43>Inputs!$B$9,"",Combined_Fixed_Model!E17) -> 0.92664859 | C43: =IF($A43>Inputs!$B$9,"",Combined_Fixed_Model!F17) -> 0.99747366 | D43: =IF($A43>Inputs!$B$9,"",Combined_Fixed_Model!G17) -> 0.0095239308 | E43: =IF(OR($A43>Inputs!$B$9,$A43>5),"",Combined_Fixed_Model!H17) -> 0.0026064809 | F43: =IF($A43>Inputs!$B$9,"",Combined_Fixed_Model!I17) -> 0.00086996122 | G43: =IF($A43>Inputs!$B$9,"",Combined_Fixed_Model!J17) -> 0.00039833389 | H43: =IF($A43>Inputs!$B$9,"",Combined_Fixed_Model!K17) -> 6.3733423e-07 | I43: =IF(OR($A43>Inputs!$B$9,$A43>5),"",Combined_Fixed_Model!L17) -> 8.6909213e-07 | J43: =IF($A43>Inputs!$B$9,"",Combined_Fixed_Model!Y17) -> 0.2298434 | K43: =IF($A43>Inputs!$B$9,"",Combined_Fixed_Model!Z17) -> 0.20853099 | L43: =IF($A43>Inputs!$B$9,"",Combined_Fixed_Model!AA17) -> 0.0013929208 | M43: =IF(OR($A43>Inputs!$B$9,$A43>5),"",Combined_Fixed_Model!AB17) -> 0.00052560174
A44: 6 | B44: =IF($A44>Inputs!$B$9,"",Combined_Fixed_Model!E18) -> 0.46314233 | C44: =IF($A44>Inputs!$B$9,"",Combined_Fixed_Model!F18) -> 0.97942658 | D44: =IF($A44>Inputs!$B$9,"",Combined_Fixed_Model!G18) -> 0.0012420298 | E44: =IF(OR($A44>Inputs!$B$9,$A44>5),"",Combined_Fixed_Model!H18) | F44: =IF($A44>Inputs!$B$9,"",Combined_Fixed_Model!I18) -> 0.00012428017 | G44: =IF($A44>Inputs!$B$9,"",Combined_Fixed_Model!J18) -> 5.1731674e-05 | H44: =IF($A44>Inputs!$B$9,"",Combined_Fixed_Model!K18) -> 1.6554136e-08 | I44: =IF(OR($A44>Inputs!$B$9,$A44>5),"",Combined_Fixed_Model!L18) | J44: =IF($A44>Inputs!$B$9,"",Combined_Fixed_Model!Y18) -> 0.08942356 | K44: =IF($A44>Inputs!$B$9,"",Combined_Fixed_Model!Z18) -> 0.13662457 | L44: =IF($A44>Inputs!$B$9,"",Combined_Fixed_Model!AA18) -> 0.00013154881 | M44: =IF(OR($A44>Inputs!$B$9,$A44>5),"",Combined_Fixed_Model!AB18)
A45: 7 | B45: =IF($A45>Inputs!$B$9,"",Combined_Fixed_Model!E19) -> 0.099057908 | C45: =IF($A45>Inputs!$B$9,"",Combined_Fixed_Model!F19) -> 0.89767442 | D45: =IF($A45>Inputs!$B$9,"",Combined_Fixed_Model!G19) -> 0.00014588348 | E45: =IF(OR($A45>Inputs!$B$9,$A45>5),"",Combined_Fixed_Model!H19) | F45: =IF($A45>Inputs!$B$9,"",Combined_Fixed_Model!I19) -> 1.6210458e-05 | G45: =IF($A45>Inputs!$B$9,"",Combined_Fixed_Model!J19) -> 6.7476097e-06 | H45: =IF($A45>Inputs!$B$9,"",Combined_Fixed_Model!K19) -> 4.3184702e-10 | I45: =IF(OR($A45>Inputs!$B$9,$A45>5),"",Combined_Fixed_Model!L19) | J45: =IF($A45>Inputs!$B$9,"",Combined_Fixed_Model!Y19) -> 0.017324886 | K45: =IF($A45>Inputs!$B$9,"",Combined_Fixed_Model!Z19) -> 0.08478618 | L45: =IF($A45>Inputs!$B$9,"",Combined_Fixed_Model!AA19) -> 1.1435914e-05 | M45: =IF(OR($A45>Inputs!$B$9,$A45>5),"",Combined_Fixed_Model!AB19)
A46: 8 | B46: =IF($A46>Inputs!$B$9,"",Combined_Fixed_Model!E20) -> 0.012197273 | C46: =IF($A46>Inputs!$B$9,"",Combined_Fixed_Model!F20) -> 0.69636999 | D46: =IF($A46>Inputs!$B$9,"",Combined_Fixed_Model!G20) -> 1.5256785e-05 | E46: =IF(OR($A46>Inputs!$B$9,$A46>5),"",Combined_Fixed_Model!H20) | F46: =IF($A46>Inputs!$B$9,"",Combined_Fixed_Model!I20) -> 1.9071127e-06 | G46: =IF($A46>Inputs!$B$9,"",Combined_Fixed_Model!J20) -> 8.8204048e-07 | H46: =IF($A46>Inputs!$B$9,"",Combined_Fixed_Model!K20) -> 1.1290118e-11 | I46: =IF(OR($A46>Inputs!$B$9,$A46>5),"",Combined_Fixed_Model!L20) | J46: =IF($A46>Inputs!$B$9,"",Combined_Fixed_Model!Y20) -> 0.002113905 | K46: =IF($A46>Inputs!$B$9,"",Combined_Fixed_Model!Z20) -> 0.046064859 | L46: =IF($A46>Inputs!$B$9,"",Combined_Fixed_Model!AA20) -> 9.0637958e-07 | M46: =IF(OR($A46>Inputs!$B$9,$A46>5),"",Combined_Fixed_Model!AB20)
A47: 9 | B47: =IF($A47>Inputs!$B$9,"",Combined_Fixed_Model!E21) -> 0.00099675204 | C47: =IF($A47>Inputs!$B$9,"",Combined_Fixed_Model!F21) -> 0.4200572 | D47: =IF($A47>Inputs!$B$9,"",Combined_Fixed_Model!G21) -> 1.3947531e-06 | E47: =IF(OR($A47>Inputs!$B$9,$A47>5),"",Combined_Fixed_Model!H21) | F47: =IF($A47>Inputs!$B$9,"",Combined_Fixed_Model!I21) -> 1.9925058e-07 | G47: =IF($A47>Inputs!$B$9,"",Combined_Fixed_Model!J21) -> 1.1519185e-07 | H47: =IF($A47>Inputs!$B$9,"",Combined_Fixed_Model!K21) -> 2.9489115e-13 | I47: =IF(OR($A47>Inputs!$B$9,$A47>5),"",Combined_Fixed_Model!L21) | J47: =IF($A47>Inputs!$B$9,"",Combined_Fixed_Model!Y21) -> 0.00018144693 | K47: =IF($A47>Inputs!$B$9,"",Combined_Fixed_Model!Z21) -> 0.0204612 | L47: =IF($A47>Inputs!$B$9,"",Combined_Fixed_Model!AA21) -> 6.4495617e-08 | M47: =IF(OR($A47>Inputs!$B$9,$A47>5),"",Combined_Fixed_Model!AB21)
A48: 10 | B48: =IF($A48>Inputs!$B$9,"",Combined_Fixed_Model!E22) -> 5.4393928e-05 | C48: =IF($A48>Inputs!$B$9,"",Combined_Fixed_Model!F22) -> 0.19125352 | D48: =IF($A48>Inputs!$B$9,"",Combined_Fixed_Model!G22) -> 1.0868213e-07 | E48: =IF(OR($A48>Inputs!$B$9,$A48>5),"",Combined_Fixed_Model!H22) | F48: =IF($A48>Inputs!$B$9,"",Combined_Fixed_Model!I22) -> 1.8113689e-08 | G48: =IF($A48>Inputs!$B$9,"",Combined_Fixed_Model!J22) -> 1.4959981e-08 | H48: =IF($A48>Inputs!$B$9,"",Combined_Fixed_Model!K22) -> 7.6595103e-15 | I48: =IF(OR($A48>Inputs!$B$9,$A48>5),"",Combined_Fixed_Model!L22) | J48: =IF($A48>Inputs!$B$9,"",Combined_Fixed_Model!Y22) -> 1.0965835e-05 | K48: =IF($A48>Inputs!$B$9,"",Combined_Fixed_Model!Z22) -> 0.0072489276 | L48: =IF($A48>Inputs!$B$9,"",Combined_Fixed_Model!AA22) -> 4.0342862e-09 | M48: =IF(OR($A48>Inputs!$B$9,$A48>5),"",Combined_Fixed_Model!AB22)
A49: 11 | B49: =IF($A49>Inputs!$B$9,"",Combined_Fixed_Model!E23) -> 1.9019355e-06 | C49: =IF($A49>Inputs!$B$9,"",Combined_Fixed_Model!F23) -> 0.065772401 | D49: =IF($A49>Inputs!$B$9,"",Combined_Fixed_Model!G23) -> 6.9668033e-09 | E49: =IF(OR($A49>Inputs!$B$9,$A49>5),"",Combined_Fixed_Model!H23) | F49: =IF($A49>Inputs!$B$9,"",Combined_Fixed_Model!I23) -> 1.3933607e-09 | G49: =IF($A49>Inputs!$B$9,"",Combined_Fixed_Model!J23) -> 1.9179463e-09 | H49: =IF($A49>Inputs!$B$9,"",Combined_Fixed_Model!K23) -> 1.963977e-16 | I49: =IF(OR($A49>Inputs!$B$9,$A49>5),"",Combined_Fixed_Model!L23) | J49: =IF($A49>Inputs!$B$9,"",Combined_Fixed_Model!Y23) -> 4.489204e-07 | K49: =IF($A49>Inputs!$B$9,"",Combined_Fixed_Model!Z23) -> 0.0020464552 | L49: =IF($A49>Inputs!$B$9,"",Combined_Fixed_Model!AA23) -> 2.15305e-10 | M49: =IF(OR($A49>Inputs!$B$9,$A49>5),"",Combined_Fixed_Model!AB23)
A50: 12 | B50: =IF($A50>Inputs!$B$9,"",Combined_Fixed_Model!E24) -> 3.9623693e-08 | C50: =IF($A50>Inputs!$B$9,"",Combined_Fixed_Model!F24) -> 0.016864964 | D50: =IF($A50>Inputs!$B$9,"",Combined_Fixed_Model!G24) -> 3.4834017e-10 | E50: =IF(OR($A50>Inputs!$B$9,$A50>5),"",Combined_Fixed_Model!H24) | F50: =IF($A50>Inputs!$B$9,"",Combined_Fixed_Model!I24) -> 8.7085042e-11 | G50: =IF($A50>Inputs!$B$9,"",Combined_Fixed_Model!J24) -> 2.3974329e-10 | H50: =IF($A50>Inputs!$B$9,"",Combined_Fixed_Model!K24) -> 4.9099425e-18 | I50: =IF(OR($A50>Inputs!$B$9,$A50>5),"",Combined_Fixed_Model!L24) | J50: =IF($A50>Inputs!$B$9,"",Combined_Fixed_Model!Y24) -> 1.1650718e-08 | K50: =IF($A50>Inputs!$B$9,"",Combined_Fixed_Model!Z24) -> 0.00045450392 | L50: =IF($A50>Inputs!$B$9,"",Combined_Fixed_Model!AA24) -> 9.3716946e-12 | M50: =IF(OR($A50>Inputs!$B$9,$A50>5),"",Combined_Fixed_Model!AB24)
A51: 13 | B51: =IF($A51>Inputs!$B$9,"",Combined_Fixed_Model!E25) -> 4.3542521e-10 | C51: =IF($A51>Inputs!$B$9,"",Combined_Fixed_Model!F25) -> 0.0030326773 | D51: =IF($A51>Inputs!$B$9,"",Combined_Fixed_Model!G25) -> 1.244072e-11 | E51: =IF(OR($A51>Inputs!$B$9,$A51>5),"",Combined_Fixed_Model!H25) | F51: =IF($A51>Inputs!$B$9,"",Combined_Fixed_Model!I25) -> 4.1469067e-12 | G51: =IF($A51>Inputs!$B$9,"",Combined_Fixed_Model!J25) -> 2.8540867e-11 | H51: =IF($A51>Inputs!$B$9,"",Combined_Fixed_Model!K25) -> 1.1690339e-19 | I51: =IF(OR($A51>Inputs!$B$9,$A51>5),"",Combined_Fixed_Model!L25) | J51: =IF($A51>Inputs!$B$9,"",Combined_Fixed_Model!Y25) -> 1.7166261e-10 | K51: =IF($A51>Inputs!$B$9,"",Combined_Fixed_Model!Z25) -> 7.5258299e-05 | L51: =IF($A51>Inputs!$B$9,"",Combined_Fixed_Model!AA25) -> 3.0863263e-13 | M51: =IF(OR($A51>Inputs!$B$9,$A51>5),"",Combined_Fixed_Model!AB25)
A52: 14 | B52: =IF($A52>Inputs!$B$9,"",Combined_Fixed_Model!E26) -> 2.0065678e-12 | C52: =IF($A52>Inputs!$B$9,"",Combined_Fixed_Model!F26) -> 0.00032653648 | D52: =IF($A52>Inputs!$B$9,"",Combined_Fixed_Model!G26) -> 2.6754237e-13 | E52: =IF(OR($A52>Inputs!$B$9,$A52>5),"",Combined_Fixed_Model!H26) | F52: =IF($A52>Inputs!$B$9,"",Combined_Fixed_Model!I26) -> 1.3377119e-13 | G52: =IF($A52>Inputs!$B$9,"",Combined_Fixed_Model!J26) -> 3.0689105e-12 | H52: =IF($A52>Inputs!$B$9,"",Combined_Fixed_Model!K26) -> 2.5140515e-21 | I52: =IF(OR($A52>Inputs!$B$9,$A52>5),"",Combined_Fixed_Model!L26) | J52: =IF($A52>Inputs!$B$9,"",Combined_Fixed_Model!Y26) -> 1.1674427e-12 | K52: =IF($A52>Inputs!$B$9,"",Combined_Fixed_Model!Z26) -> 8.1010668e-06 | L52: =IF($A52>Inputs!$B$9,"",Combined_Fixed_Model!AA26) -> 6.6372609e-15 | M52: =IF(OR($A52>Inputs!$B$9,$A52>5),"",Combined_Fixed_Model!AB26)
A53: 15 | B53: =IF($A53>Inputs!$B$9,"",Combined_Fixed_Model!E27) -> 2.1929703e-15 | C53: =IF($A53>Inputs!$B$9,"",Combined_Fixed_Model!F27) -> 1.3384739e-05 | D53: =IF($A53>Inputs!$B$9,"",Combined_Fixed_Model!G27) -> 2.1929703e-15 | E53: =IF(OR($A53>Inputs!$B$9,$A53>5),"",Combined_Fixed_Model!H27) | F53: =IF($A53>Inputs!$B$9,"",Combined_Fixed_Model!I27) -> 2.1929703e-15 | G53: =IF($A53>Inputs!$B$9,"",Combined_Fixed_Model!J27) -> 2.5155004e-13 | H53: =IF($A53>Inputs!$B$9,"",Combined_Fixed_Model!K27) -> 4.1213958e-23 | I53: =IF(OR($A53>Inputs!$B$9,$A53>5),"",Combined_Fixed_Model!L27) | J53: =IF($A53>Inputs!$B$9,"",Combined_Fixed_Model!Y27) -> 2.1929703e-15 | K53: =IF($A53>Inputs!$B$9,"",Combined_Fixed_Model!Z27) -> 3.814282e-07 | L53: =IF($A53>Inputs!$B$9,"",Combined_Fixed_Model!AA27) -> 6.249353e-17 | M53: =IF(OR($A53>Inputs!$B$9,$A53>5),"",Combined_Fixed_Model!AB27)
A56: Deck 2 — -LN(probability) difficulties
A57: Size | B57: Fixed C | C57: Fixed T | D57: Fixed PT | E57: Fixed Ench | F57: Marginal C | G57: Marginal T | H57: Marginal PT | I57: Marginal Ench | J57: Combined C | K57: Combined T | L57: Combined PT | M57: Combined Ench
A58: 3 | B58: =IF($A58>Inputs!$B$9,"",Combined_Fixed_Model!M15) -> 2.2002878e-07 | C58: =IF($A58>Inputs!$B$9,"",Combined_Fixed_Model!N15) -> 1.7564346e-05 | D58: =IF($A58>Inputs!$B$9,"",Combined_Fixed_Model!O15) -> 1.0365812 | E58: =IF(OR($A58>Inputs!$B$9,$A58>5),"",Combined_Fixed_Model!P15) -> 0.45247926 | F58: =IF($A58>Inputs!$B$9,"",Combined_Fixed_Model!Q15) -> 3.3905178 | G58: =IF($A58>Inputs!$B$9,"",Combined_Fixed_Model!R15) -> 3.7269901 | H58: =IF($A58>Inputs!$B$9,"",Combined_Fixed_Model!S15) -> 6.9458659 | I58: =IF(OR($A58>Inputs!$B$9,$A58>5),"",Combined_Fixed_Model!T15) -> 6.1096179 | J58: =IF($A58>Inputs!$B$9,"",Combined_Fixed_Model!U15) -> 0.67810375 | K58: =IF($A58>Inputs!$B$9,"",Combined_Fixed_Model!V15) -> 0.74541207 | L58: =IF($A58>Inputs!$B$9,"",Combined_Fixed_Model!W15) -> 2.2184381 | M58: =IF(OR($A58>Inputs!$B$9,$A58>5),"",Combined_Fixed_Model!X15) -> 1.583907
A59: 4 | B59: =IF($A59>Inputs!$B$9,"",Combined_Fixed_Model!M16) -> 0.00046918228 | C59: =IF($A59>Inputs!$B$9,"",Combined_Fixed_Model!N16) -> 0.00021982111 | D59: =IF($A59>Inputs!$B$9,"",Combined_Fixed_Model!O16) -> 2.7308727 | E59: =IF(OR($A59>Inputs!$B$9,$A59>5),"",Combined_Fixed_Model!P16) -> 2.5160456 | F59: =IF($A59>Inputs!$B$9,"",Combined_Fixed_Model!Q16) -> 5.1822773 | G59: =IF($A59>Inputs!$B$9,"",Combined_Fixed_Model!R16) -> 5.7811138 | H59: =IF($A59>Inputs!$B$9,"",Combined_Fixed_Model!S16) -> 10.609428 | I59: =IF(OR($A59>Inputs!$B$9,$A59>5),"",Combined_Fixed_Model!T16) -> 9.6931368 | J59: =IF($A59>Inputs!$B$9,"",Combined_Fixed_Model!U16) -> 1.0368308 | K59: =IF($A59>Inputs!$B$9,"",Combined_Fixed_Model!V16) -> 1.1563986 | L59: =IF($A59>Inputs!$B$9,"",Combined_Fixed_Model!W16) -> 4.3065837 | M59: =IF(OR($A59>Inputs!$B$9,$A59>5),"",Combined_Fixed_Model!X16) -> 3.9514638
A60: 5 | B60: =IF($A60>Inputs!$B$9,"",Combined_Fixed_Model!M17) -> 0.076180869 | C60: =IF($A60>Inputs!$B$9,"",Combined_Fixed_Model!N17) -> 0.0025295373 | D60: =IF($A60>Inputs!$B$9,"",Combined_Fixed_Model!O17) -> 4.6539476 | E60: =IF(OR($A60>Inputs!$B$9,$A60>5),"",Combined_Fixed_Model!P17) -> 5.9497543 | F60: =IF($A60>Inputs!$B$9,"",Combined_Fixed_Model!Q17) -> 7.0470619 | G60: =IF($A60>Inputs!$B$9,"",Combined_Fixed_Model!R17) -> 7.82822 | H60: =IF($A60>Inputs!$B$9,"",Combined_Fixed_Model!S17) -> 14.265972 | I60: =IF(OR($A60>Inputs!$B$9,$A60>5),"",Combined_Fixed_Model!T17) -> 13.955817 | J60: =IF($A60>Inputs!$B$9,"",Combined_Fixed_Model!U17) -> 1.4703571 | K60: =IF($A60>Inputs!$B$9,"",Combined_Fixed_Model!V17) -> 1.5676676 | L60: =IF($A60>Inputs!$B$9,"",Combined_Fixed_Model!W17) -> 6.5763524 | M60: =IF(OR($A60>Inputs!$B$9,$A60>5),"",Combined_Fixed_Model!X17) -> 7.5509668
A61: 6 | B61: =IF($A61>Inputs!$B$9,"",Combined_Fixed_Model!M18) -> 0.76972086 | C61: =IF($A61>Inputs!$B$9,"",Combined_Fixed_Model!N18) -> 0.020787998 | D61: =IF($A61>Inputs!$B$9,"",Combined_Fixed_Model!O18) -> 6.6910083 | E61: =IF(OR($A61>Inputs!$B$9,$A61>5),"",Combined_Fixed_Model!P18) | F61: =IF($A61>Inputs!$B$9,"",Combined_Fixed_Model!Q18) -> 8.9929721 | G61: =IF($A61>Inputs!$B$9,"",Combined_Fixed_Model!R18) -> 9.8694403 | H61: =IF($A61>Inputs!$B$9,"",Combined_Fixed_Model!S18) -> 17.91663 | I61: =IF(OR($A61>Inputs!$B$9,$A61>5),"",Combined_Fixed_Model!T18) | J61: =IF($A61>Inputs!$B$9,"",Combined_Fixed_Model!U18) -> 2.4143711 | K61: =IF($A61>Inputs!$B$9,"",Combined_Fixed_Model!V18) -> 1.9905185 | L61: =IF($A61>Inputs!$B$9,"",Combined_Fixed_Model!W18) -> 8.9361326 | M61: =IF(OR($A61>Inputs!$B$9,$A61>5),"",Combined_Fixed_Model!X18)
A62: 7 | B62: =IF($A62>Inputs!$B$9,"",Combined_Fixed_Model!M19) -> 2.3120507 | C62: =IF($A62>Inputs!$B$9,"",Combined_Fixed_Model!N19) -> 0.10794784 | D62: =IF($A62>Inputs!$B$9,"",Combined_Fixed_Model!O19) -> 8.8327024 | E62: =IF(OR($A62>Inputs!$B$9,$A62>5),"",Combined_Fixed_Model!P19) | F62: =IF($A62>Inputs!$B$9,"",Combined_Fixed_Model!Q19) -> 11.029854 | G62: =IF($A62>Inputs!$B$9,"",Combined_Fixed_Model!R19) -> 11.906322 | H62: =IF($A62>Inputs!$B$9,"",Combined_Fixed_Model!S19) -> 21.56295 | I62: =IF(OR($A62>Inputs!$B$9,$A62>5),"",Combined_Fixed_Model!T19) | J62: =IF($A62>Inputs!$B$9,"",Combined_Fixed_Model!U19) -> 4.0556113 | K62: =IF($A62>Inputs!$B$9,"",Combined_Fixed_Model!V19) -> 2.4676227 | L62: =IF($A62>Inputs!$B$9,"",Combined_Fixed_Model!W19) -> 11.378752 | M62: =IF(OR($A62>Inputs!$B$9,$A62>5),"",Combined_Fixed_Model!X19)
A63: 8 | B63: =IF($A63>Inputs!$B$9,"",Combined_Fixed_Model!M20) -> 4.4065429 | C63: =IF($A63>Inputs!$B$9,"",Combined_Fixed_Model!N20) -> 0.36187416 | D63: =IF($A63>Inputs!$B$9,"",Combined_Fixed_Model!O20) -> 11.090486 | E63: =IF(OR($A63>Inputs!$B$9,$A63>5),"",Combined_Fixed_Model!P20) | F63: =IF($A63>Inputs!$B$9,"",Combined_Fixed_Model!Q20) -> 13.16992 | G63: =IF($A63>Inputs!$B$9,"",Combined_Fixed_Model!R20) -> 13.941028 | H63: =IF($A63>Inputs!$B$9,"",Combined_Fixed_Model!S20) -> 25.207093 | I63: =IF(OR($A63>Inputs!$B$9,$A63>5),"",Combined_Fixed_Model!T20) | J63: =IF($A63>Inputs!$B$9,"",Combined_Fixed_Model!U20) -> 6.1592184 | K63: =IF($A63>Inputs!$B$9,"",Combined_Fixed_Model!V20) -> 3.0777049 | L63: =IF($A63>Inputs!$B$9,"",Combined_Fixed_Model!W20) -> 13.913808 | M63: =IF(OR($A63>Inputs!$B$9,$A63>5),"",Combined_Fixed_Model!X20)
A64: 9 | B64: =IF($A64>Inputs!$B$9,"",Combined_Fixed_Model!M21) -> 6.9110085 | C64: =IF($A64>Inputs!$B$9,"",Combined_Fixed_Model!N21) -> 0.8673644 | D64: =IF($A64>Inputs!$B$9,"",Combined_Fixed_Model!O21) -> 13.482793 | E64: =IF(OR($A64>Inputs!$B$9,$A64>5),"",Combined_Fixed_Model!P21) | F64: =IF($A64>Inputs!$B$9,"",Combined_Fixed_Model!Q21) -> 15.428703 | G64: =IF($A64>Inputs!$B$9,"",Combined_Fixed_Model!R21) -> 15.976667 | H64: =IF($A64>Inputs!$B$9,"",Combined_Fixed_Model!S21) -> 28.85217 | I64: =IF(OR($A64>Inputs!$B$9,$A64>5),"",Combined_Fixed_Model!T21) | J64: =IF($A64>Inputs!$B$9,"",Combined_Fixed_Model!U21) -> 8.6145473 | K64: =IF($A64>Inputs!$B$9,"",Combined_Fixed_Model!V21) -> 3.8892249 | L64: =IF($A64>Inputs!$B$9,"",Combined_Fixed_Model!W21) -> 16.556669 | M64: =IF(OR($A64>Inputs!$B$9,$A64>5),"",Combined_Fixed_Model!X21)
A65: 10 | B65: =IF($A65>Inputs!$B$9,"",Combined_Fixed_Model!M22) -> 9.819258 | C65: =IF($A65>Inputs!$B$9,"",Combined_Fixed_Model!N22) -> 1.6541554 | D65: =IF($A65>Inputs!$B$9,"",Combined_Fixed_Model!O22) -> 16.034838 | E65: =IF(OR($A65>Inputs!$B$9,$A65>5),"",Combined_Fixed_Model!P22) | F65: =IF($A65>Inputs!$B$9,"",Combined_Fixed_Model!Q22) -> 17.826598 | G65: =IF($A65>Inputs!$B$9,"",Combined_Fixed_Model!R22) -> 18.017887 | H65: =IF($A65>Inputs!$B$9,"",Combined_Fixed_Model!S22) -> 32.502828 | I65: =IF(OR($A65>Inputs!$B$9,$A65>5),"",Combined_Fixed_Model!T22) | J65: =IF($A65>Inputs!$B$9,"",Combined_Fixed_Model!U22) -> 11.420726 | K65: =IF($A65>Inputs!$B$9,"",Combined_Fixed_Model!V22) -> 4.9269017 | L65: =IF($A65>Inputs!$B$9,"",Combined_Fixed_Model!W22) -> 19.328436 | M65: =IF(OR($A65>Inputs!$B$9,$A65>5),"",Combined_Fixed_Model!X22)
A66: 11 | B66: =IF($A66>Inputs!$B$9,"",Combined_Fixed_Model!M23) -> 13.172639 | C66: =IF($A66>Inputs!$B$9,"",Combined_Fixed_Model!N23) -> 2.721555 | D66: =IF($A66>Inputs!$B$9,"",Combined_Fixed_Model!O23) -> 18.782109 | E66: =IF(OR($A66>Inputs!$B$9,$A66>5),"",Combined_Fixed_Model!P23) | F66: =IF($A66>Inputs!$B$9,"",Combined_Fixed_Model!Q23) -> 20.391547 | G66: =IF($A66>Inputs!$B$9,"",Combined_Fixed_Model!R23) -> 20.072011 | H66: =IF($A66>Inputs!$B$9,"",Combined_Fixed_Model!S23) -> 36.16639 | I66: =IF(OR($A66>Inputs!$B$9,$A66>5),"",Combined_Fixed_Model!T23) | J66: =IF($A66>Inputs!$B$9,"",Combined_Fixed_Model!U23) -> 14.61642 | K66: =IF($A66>Inputs!$B$9,"",Combined_Fixed_Model!V23) -> 6.1916461 | L66: =IF($A66>Inputs!$B$9,"",Combined_Fixed_Model!W23) -> 22.258965 | M66: =IF(OR($A66>Inputs!$B$9,$A66>5),"",Combined_Fixed_Model!X23)
A67: 12 | B67: =IF($A67>Inputs!$B$9,"",Combined_Fixed_Model!M24) -> 17.043839 | C67: =IF($A67>Inputs!$B$9,"",Combined_Fixed_Model!N24) -> 4.0825169 | D67: =IF($A67>Inputs!$B$9,"",Combined_Fixed_Model!O24) -> 21.777842 | E67: =IF(OR($A67>Inputs!$B$9,$A67>5),"",Combined_Fixed_Model!P24) | F67: =IF($A67>Inputs!$B$9,"",Combined_Fixed_Model!Q24) -> 23.164136 | G67: =IF($A67>Inputs!$B$9,"",Combined_Fixed_Model!R24) -> 22.151452 | H67: =IF($A67>Inputs!$B$9,"",Combined_Fixed_Model!S24) -> 39.855269 | I67: =IF(OR($A67>Inputs!$B$9,$A67>5),"",Combined_Fixed_Model!T24) | J67: =IF($A67>Inputs!$B$9,"",Combined_Fixed_Model!U24) -> 18.267898 | K67: =IF($A67>Inputs!$B$9,"",Combined_Fixed_Model!V24) -> 7.696304 | L67: =IF($A67>Inputs!$B$9,"",Combined_Fixed_Model!W24) -> 25.393327 | M67: =IF(OR($A67>Inputs!$B$9,$A67>5),"",Combined_Fixed_Model!X24)
A68: 13 | B68: =IF($A68>Inputs!$B$9,"",Combined_Fixed_Model!M25) -> 21.554698 | C68: =IF($A68>Inputs!$B$9,"",Combined_Fixed_Model!N25) -> 5.7983094 | D68: =IF($A68>Inputs!$B$9,"",Combined_Fixed_Model!O25) -> 25.110046 | E68: =IF(OR($A68>Inputs!$B$9,$A68>5),"",Combined_Fixed_Model!P25) | F68: =IF($A68>Inputs!$B$9,"",Combined_Fixed_Model!Q25) -> 26.208658 | G68: =IF($A68>Inputs!$B$9,"",Combined_Fixed_Model!R25) -> 24.279684 | H68: =IF($A68>Inputs!$B$9,"",Combined_Fixed_Model!S25) -> 43.592939 | I68: =IF(OR($A68>Inputs!$B$9,$A68>5),"",Combined_Fixed_Model!T25) | J68: =IF($A68>Inputs!$B$9,"",Combined_Fixed_Model!U25) -> 22.48549 | K68: =IF($A68>Inputs!$B$9,"",Combined_Fixed_Model!V25) -> 9.4945844 | L68: =IF($A68>Inputs!$B$9,"",Combined_Fixed_Model!W25) -> 28.806625 | M68: =IF(OR($A68>Inputs!$B$9,$A68>5),"",Combined_Fixed_Model!X25)
A69: 14 | B69: =IF($A69>Inputs!$B$9,"",Combined_Fixed_Model!M26) -> 26.934595 | C69: =IF($A69>Inputs!$B$9,"",Combined_Fixed_Model!N26) -> 8.0269689 | D69: =IF($A69>Inputs!$B$9,"",Combined_Fixed_Model!O26) -> 28.949498 | E69: =IF(OR($A69>Inputs!$B$9,$A69>5),"",Combined_Fixed_Model!P26) | F69: =IF($A69>Inputs!$B$9,"",Combined_Fixed_Model!Q26) -> 29.642646 | G69: =IF($A69>Inputs!$B$9,"",Combined_Fixed_Model!R26) -> 26.509699 | H69: =IF($A69>Inputs!$B$9,"",Combined_Fixed_Model!S26) -> 47.432391 | I69: =IF(OR($A69>Inputs!$B$9,$A69>5),"",Combined_Fixed_Model!T26) | J69: =IF($A69>Inputs!$B$9,"",Combined_Fixed_Model!U26) -> 27.476205 | K69: =IF($A69>Inputs!$B$9,"",Combined_Fixed_Model!V26) -> 11.723515 | L69: =IF($A69>Inputs!$B$9,"",Combined_Fixed_Model!W26) -> 32.646077 | M69: =IF(OR($A69>Inputs!$B$9,$A69>5),"",Combined_Fixed_Model!X26)
A70: 15 | B70: =IF($A70>Inputs!$B$9,"",Combined_Fixed_Model!M27) -> 33.753519 | C70: =IF($A70>Inputs!$B$9,"",Combined_Fixed_Model!N27) -> 11.221395 | D70: =IF($A70>Inputs!$B$9,"",Combined_Fixed_Model!O27) -> 33.753519 | E70: =IF(OR($A70>Inputs!$B$9,$A70>5),"",Combined_Fixed_Model!P27) | F70: =IF($A70>Inputs!$B$9,"",Combined_Fixed_Model!Q27) -> 33.753519 | G70: =IF($A70>Inputs!$B$9,"",Combined_Fixed_Model!R27) -> 29.011134 | H70: =IF($A70>Inputs!$B$9,"",Combined_Fixed_Model!S27) -> 51.543265 | I70: =IF(OR($A70>Inputs!$B$9,$A70>5),"",Combined_Fixed_Model!T27) | J70: =IF($A70>Inputs!$B$9,"",Combined_Fixed_Model!U27) -> 33.753519 | K70: =IF($A70>Inputs!$B$9,"",Combined_Fixed_Model!V27) -> 14.779343 | L70: =IF($A70>Inputs!$B$9,"",Combined_Fixed_Model!W27) -> 37.311469 | M70: =IF(OR($A70>Inputs!$B$9,$A70>5),"",Combined_Fixed_Model!X27)
