Workbook

Sheet README
B2: Archmage Ascension — Economy Model
B4: What this answers
B5: Why is Enchantment pursuit non-viable, and which rule lever fixes it — settled on paper before spending a live playtest on it.
B7: How to use it
B8: 1. Open the ASSUMPTIONS sheet. The blue cells are yours to change — draw rate per turn, enchantment acquisition cost, and the capacity gain.
B9: 2. Every other sheet recalculates from those. Nothing else needs editing.
B10: 3. Blue = your inputs. Black = calculated. Green = pulled from another sheet. Yellow = the key lever to play with.
B12: The sheets
B13: TURN BUDGET — how many turns players get before the Drought, by player count and casting aggression. The runway everything else is measured against.
B14: CARD FEASIBILITY — can you even draw a 3-of-a-value enchantment? Monte-Carlo probabilities by cards held. The second, independent bottleneck.
B15: ENCHANTMENT WINDOW — the action-cost catch-22: does the +1 capacity pay back inside the runway? Negative window = it never can.
B16: GAME LENGTH & DROUGHT — estimated play time and Drought length per player count; flags whether the game holds its 30-60 min promise at every count.
... B24: Sources: rulebook v2.8, Scoring System Reference v2.8; Card Feasibility from Monte-Carlo sim (80k trials/cell). Overhead anchor: Playtest Session 3 (2026-05-03).

Sheet ASSUMPTIONS
B2: Assumptions — edit the blue / yellow cells
B4: Parameter | C4: Value | D4: Note
B5: Cards per energy type (2-4p deck) | C5: 15 | D5: 4 energies × this + 2 wild = small deck
B6: Cards per energy type (5-7p deck) | C6: 20 | D6: 4 energies × this + 4 wild = large deck
B7: Wild cards (small deck) | C7: 2
B8: Wild cards (large deck) | C8: 4
B9: Array size (face-up) | C9: 5 | D9: Cards reserved face-up at setup
B10: Starting hand per player | C10: 7 | D10: Dealt at setup
B12: Behaviour levers (play with these)
B13: Source draw per player-turn (d) | C13: 2 | D13: 1 = collection only · 2 = +1 conjuration avg · 3 = aggressive casting
B14: Enchantment acquisition cost (turns) | C14: 3 | D14: Turns to pivot a committed spellbook into a 3-comp enchantment. Session 3 observed 2-3. THE partial-unlearn lever lowers this.
B15: Capacity gained per 3-comp ench. | C15: 1 | D15: +1 counter = +1 cast AND +1 learning action every later turn
B16: RP from a 3-comp enchantment | C16: 6 | D16: From Scoring Reference v2.8
B18: Legend
B19: Blue = your input
B20: Yellow = key lever
B21: Black = calculated
B22: Green = from another sheet
B24: Game-length / Drought inputs
B25: Avg seconds per player-turn | C25: 75 | D25: Rough table pace incl. downtime; tune from a timed session
B26: Target length — min (minutes) | C26: 30 | D26: Lower bound of the design promise
B27: Target length — max (minutes) | C27: 60 | D27: Upper bound of the design promise
B28: Cards discarded to Reserve / player-turn | C28: 0.6 | D28: Feeds the Drought pool. ~Transfiguration discards; rough — tune from a session

Sheet TURN BUDGET
B2: Turn Budget — how many turns players actually get
B3: Rounds to Drought = Source ÷ (draw-per-turn × players). Each round = one turn per player, so rounds ≈ turns per player.
B5: Players | C5: Deck | D5: Source | E5: Rounds d=1 | F5: Rounds d=2 | G5: Rounds d=3 | H5: Rounds @ your d | I5: Turns/player @ your d
B6: 2 | C6: =IF(B6<=4,4*ASSUMPTIONS!$C$5+ASSUMPTIONS!$C$7,4*ASSUMPTIONS!$C$6+ASSUMPTIONS!$C$8) -> 62 | D6: =C6-ASSUMPTIONS!$C$9-ASSUMPTIONS!$C$10*B6 -> 43 | E6: =D6/(1*B6) -> 21.5 | F6: =D6/(2*B6) -> 10.75 | G6: =D6/(3*B6) -> 7.1666667 | H6: =D6/(ASSUMPTIONS!$C$13*B6) -> 10.75 | I6: =H6 -> 10.75
B7: 3 | C7: =IF(B7<=4,4*ASSUMPTIONS!$C$5+ASSUMPTIONS!$C$7,4*ASSUMPTIONS!$C$6+ASSUMPTIONS!$C$8) -> 62 | D7: =C7-ASSUMPTIONS!$C$9-ASSUMPTIONS!$C$10*B7 -> 36 | E7: =D7/(1*B7) -> 12 | F7: =D7/(2*B7) -> 6 | G7: =D7/(3*B7) -> 4 | H7: =D7/(ASSUMPTIONS!$C$13*B7) -> 6 | I7: =H7 -> 6
B8: 4 | C8: =IF(B8<=4,4*ASSUMPTIONS!$C$5+ASSUMPTIONS!$C$7,4*ASSUMPTIONS!$C$6+ASSUMPTIONS!$C$8) -> 62 | D8: =C8-ASSUMPTIONS!$C$9-ASSUMPTIONS!$C$10*B8 -> 29 | E8: =D8/(1*B8) -> 7.25 | F8: =D8/(2*B8) -> 3.625 | G8: =D8/(3*B8) -> 2.4166667 | H8: =D8/(ASSUMPTIONS!$C$13*B8) -> 3.625 | I8: =H8 -> 3.625
B9: 5 | C9: =IF(B9<=4,4*ASSUMPTIONS!$C$5+ASSUMPTIONS!$C$7,4*ASSUMPTIONS!$C$6+ASSUMPTIONS!$C$8) -> 84 | D9: =C9-ASSUMPTIONS!$C$9-ASSUMPTIONS!$C$10*B9 -> 44 | E9: =D9/(1*B9) -> 8.8 | F9: =D9/(2*B9) -> 4.4 | G9: =D9/(3*B9) -> 2.9333333 | H9: =D9/(ASSUMPTIONS!$C$13*B9) -> 4.4 | I9: =H9 -> 4.4
B10: 6 | C10: =IF(B10<=4,4*ASSUMPTIONS!$C$5+ASSUMPTIONS!$C$7,4*ASSUMPTIONS!$C$6+ASSUMPTIONS!$C$8) -> 84 | D10: =C10-ASSUMPTIONS!$C$9-ASSUMPTIONS!$C$10*B10 -> 37 | E10: =D10/(1*B10) -> 6.1666667 | F10: =D10/(2*B10) -> 3.0833333 | G10: =D10/(3*B10) -> 2.0555556 | H10: =D10/(ASSUMPTIONS!$C$13*B10) -> 3.0833333 | I10: =H10 -> 3.0833333
B11: 7 | C11: =IF(B11<=4,4*ASSUMPTIONS!$C$5+ASSUMPTIONS!$C$7,4*ASSUMPTIONS!$C$6+ASSUMPTIONS!$C$8) -> 84 | D11: =C11-ASSUMPTIONS!$C$9-ASSUMPTIONS!$C$10*B11 -> 30 | E11: =D11/(1*B11) -> 4.2857143 | F11: =D11/(2*B11) -> 2.1428571 | G11: =D11/(3*B11) -> 1.4285714 | H11: =D11/(ASSUMPTIONS!$C$13*B11) -> 2.1428571 | I11: =H11 -> 2.1428571
B13: Read: at 5+ players with any real casting (d=2-3), each player gets only ~3-4 turns total. That is the runway every enchantment must pay back inside.

Sheet CARD FEASIBILITY
B2: Card Feasibility — can you even draw the cards?
B3: The second bottleneck the turn-economy ignored. A 3-comp enchantment needs 3 cards of the SAME value (different energies); only 4 of each value exist. P = chance a hand of n held cards contains a usable 3-of-a-value (or 4-of-a-value), wilds included.
B5: Small deck (2-4 players · 15 values · 2 wild) | F5: Large deck (5-7 players · 20 values · 4 wild)
B6: Cards held | C6: P(3-of-a-value) | D6: P(4-of-a-value) | F6: Cards held | G6: P(3-of-a-value) | H6: P(4-of-a-value)
B7: 7 | C7: 0.177 | D7: 0.013 | F7: 7 | G7: 0.179 | H7: 0.017
B8: 8 | C8: 0.25 | D8: 0.024 | F8: 8 | G8: 0.254 | H8: 0.031
B9: 9 | C9: 0.325 | D9: 0.039 | F9: 9 | G9: 0.328 | H9: 0.052
B10: 10 | C10: 0.404 | D10: 0.061 | F10: 10 | G10: 0.401 | H10: 0.077
B11: 11 | C11: 0.482 | D11: 0.088 | F11: 11 | G11: 0.472 | H11: 0.107
B12: 12 | C12: 0.55 | D12: 0.121 | F12: 12 | G12: 0.542 | H12: 0.142
B13: 13 | C13: 0.618 | D13: 0.159 | F13: 13 | G13: 0.601 | H13: 0.182
B14: 14 | C14: 0.679 | D14: 0.203 | F14: 14 | G14: 0.656 | H14: 0.222
B15: 15 | C15: 0.743 | D15: 0.252 | F15: 15 | G15: 0.706 | H15: 0.268
B16: 18 | C16: 0.889 | D16: 0.426 | F16: 18 | G16: 0.832 | H16: 0.421
B17: 20 | C17: 0.949 | D17: 0.54 | F17: 20 | G17: 0.893 | H17: 0.522
B19: Expected cards HELD to first reach a 3-of-a-value: | F19: Small ≈ 12.2 | Large ≈ 12.8
B20: Expected cards HELD to first reach a 4-of-a-value: | F20: Small ≈ 20.5 | Large ≈ 20.9 (≈ hoard the whole game)
B22: Read: a 7-card opening hand has only ~18% chance of ANY 3-of-a-value, and you start at 7 then draw ~1/turn while playing cards away — so you rarely HOLD more than 7-9. You need ~12 held cards for a coin-flip. This is a SECOND, independent bottleneck: even with free partial-unlearn (LEVER TEST), the cards to build an enchantment usually are not in hand. The 4-comp "unlimited capacity" enchantment is near-impossible (~1-2% at hand size 7; needs ~20 held). Levers that attack this instead of action-cost: more wilds, a dedicated "matching" draw/swap action, or making enchantments need fewer matching cards.
B27: Source: Monte Carlo, 80k trials/cell (sim.py, seed 42). Hand = uniform random draw without replacement; wilds substitute any value.

Sheet ENCHANTMENT WINDOW
B2: Enchantment Window — the catch-22, quantified
B3: A 3-comp enchantment GIVES +1 capacity, but you need capacity to afford the multi-turn pivot to GET it. Spent actions ≈ acquisition cost A. Pay-back = A ÷ capacity-gain turns of the +1 action. Window width = Rounds − (A + payback). If ≤ 0, an enchantment can never pay for itself.
B5: Players | C5: Rounds @ your d | D5: Acq. cost A (turns) | E5: Payback (turns) | F5: Total commitment | G5: Window width | H5: Worth pursuing?
B6: 2 | C6: ='TURN BUDGET'!H6 -> 10.75 | D6: =ASSUMPTIONS!$C$14 -> 3 | E6: =D6/ASSUMPTIONS!$C$15 -> 3 | F6: =D6+E6 -> 6 | G6: =C6-F6 -> 4.75 | H6: =IF(G6>1,"Yes — viable",IF(G6>0,"Marginal","No — never pays back")) -> Yes — viable
B7: 3 | C7: ='TURN BUDGET'!H7 -> 6 | D7: =ASSUMPTIONS!$C$14 -> 3 | E7: =D7/ASSUMPTIONS!$C$15 -> 3 | F7: =D7+E7 -> 6 | G7: =C7-F7 -> 0 | H7: =IF(G7>1,"Yes — viable",IF(G7>0,"Marginal","No — never pays back")) -> No — never pays back
B8: 4 | C8: ='TURN BUDGET'!H8 -> 3.625 | D8: =ASSUMPTIONS!$C$14 -> 3 | E8: =D8/ASSUMPTIONS!$C$15 -> 3 | F8: =D8+E8 -> 6 | G8: =C8-F8 -> -2.375 | H8: =IF(G8>1,"Yes — viable",IF(G8>0,"Marginal","No — never pays back")) -> No — never pays back
B9: 5 | C9: ='TURN BUDGET'!H9 -> 4.4 | D9: =ASSUMPTIONS!$C$14 -> 3 | E9: =D9/ASSUMPTIONS!$C$15 -> 3 | F9: =D9+E9 -> 6 | G9: =C9-F9 -> -1.6 | H9: =IF(G9>1,"Yes — viable",IF(G9>0,"Marginal","No — never pays back")) -> No — never pays back
B10: 6 | C10: ='TURN BUDGET'!H10 -> 3.0833333 | D10: =ASSUMPTIONS!$C$14 -> 3 | E10: =D10/ASSUMPTIONS!$C$15 -> 3 | F10: =D10+E10 -> 6 | G10: =C10-F10 -> -2.9166667 | H10: =IF(G10>1,"Yes — viable",IF(G10>0,"Marginal","No — never pays back")) -> No — never pays back
B11: 7 | C11: ='TURN BUDGET'!H11 -> 2.1428571 | D11: =ASSUMPTIONS!$C$14 -> 3 | E11: =D11/ASSUMPTIONS!$C$15 -> 3 | F11: =D11+E11 -> 6 | G11: =C11-F11 -> -3.8571429 | H11: =IF(G11>1,"Yes — viable",IF(G11>0,"Marginal","No — never pays back")) -> No — never pays back
B13: With A=3 (Session-3 reality) the window is negative at 4-7 players: the maths say first-enchantment pursuit cannot pay back — matching Session 3, where only 2 of 5 players ever learned one. Drop A on the LEVER TEST sheet to see the window open.

Sheet GAME LENGTH & DROUGHT
B2: Game Length & Drought — is it the same game at every count?
B3: Main phase ends when the Source empties; the Drought then runs on the Released Reserve (Array + all discards). Because the Reserve is fed by play, the Drought tail partly self-balances — but per-turn experience still differs. Time = total player-turns × sec/turn.
B5: Players | C5: Main rounds | D5: Drought pool | E5: Drought rounds | F5: Total rounds | G5: Player-turns | H5: Est. minutes | I5: In target?
B6: 2 | C6: ='TURN BUDGET'!H6 -> 10.75 | D6: =ASSUMPTIONS!$C$9+B6+ASSUMPTIONS!$C$28*(C6*B6) -> 19.9 | E6: =D6/B6 -> 9.95 | F6: =C6+E6 -> 20.7 | G6: =F6*B6 -> 41.4 | H6: =G6*ASSUMPTIONS!$C$25/60 -> 51.75 | I6: =IF(AND(H6>=ASSUMPTIONS!$C$26,H6<=ASSUMPTIONS!$C$27),"Yes",IF(H6<ASSUMPTIONS!$C$26,"Too short","Too long")) -> Yes
B7: 3 | C7: ='TURN BUDGET'!H7 -> 6 | D7: =ASSUMPTIONS!$C$9+B7+ASSUMPTIONS!$C$28*(C7*B7) -> 18.8 | E7: =D7/B7 -> 6.2666667 | F7: =C7+E7 -> 12.266667 | G7: =F7*B7 -> 36.8 | H7: =G7*ASSUMPTIONS!$C$25/60 -> 46 | I7: =IF(AND(H7>=ASSUMPTIONS!$C$26,H7<=ASSUMPTIONS!$C$27),"Yes",IF(H7<ASSUMPTIONS!$C$26,"Too short","Too long")) -> Yes
B8: 4 | C8: ='TURN BUDGET'!H8 -> 3.625 | D8: =ASSUMPTIONS!$C$9+B8+ASSUMPTIONS!$C$28*(C8*B8) -> 17.7 | E8: =D8/B8 -> 4.425 | F8: =C8+E8 -> 8.05 | G8: =F8*B8 -> 32.2 | H8: =G8*ASSUMPTIONS!$C$25/60 -> 40.25 | I8: =IF(AND(H8>=ASSUMPTIONS!$C$26,H8<=ASSUMPTIONS!$C$27),"Yes",IF(H8<ASSUMPTIONS!$C$26,"Too short","Too long")) -> Yes
B9: 5 | C9: ='TURN BUDGET'!H9 -> 4.4 | D9: =ASSUMPTIONS!$C$9+B9+ASSUMPTIONS!$C$28*(C9*B9) -> 23.2 | E9: =D9/B9 -> 4.64 | F9: =C9+E9 -> 9.04 | G9: =F9*B9 -> 45.2 | H9: =G9*ASSUMPTIONS!$C$25/60 -> 56.5 | I9: =IF(AND(H9>=ASSUMPTIONS!$C$26,H9<=ASSUMPTIONS!$C$27),"Yes",IF(H9<ASSUMPTIONS!$C$26,"Too short","Too long")) -> Yes
B10: 6 | C10: ='TURN BUDGET'!H10 -> 3.0833333 | D10: =ASSUMPTIONS!$C$9+B10+ASSUMPTIONS!$C$28*(C10*B10) -> 22.1 | E10: =D10/B10 -> 3.6833333 | F10: =C10+E10 -> 6.7666667 | G10: =F10*B10 -> 40.6 | H10: =G10*ASSUMPTIONS!$C$25/60 -> 50.75 | I10: =IF(AND(H10>=ASSUMPTIONS!$C$26,H10<=ASSUMPTIONS!$C$27),"Yes",IF(H10<ASSUMPTIONS!$C$26,"Too short","Too long")) -> Yes
B11: 7 | C11: ='TURN BUDGET'!H11 -> 2.1428571 | D11: =ASSUMPTIONS!$C$9+B11+ASSUMPTIONS!$C$28*(C11*B11) -> 21 | E11: =D11/B11 -> 3 | F11: =C11+E11 -> 5.1428571 | G11: =F11*B11 -> 36 | H11: =G11*ASSUMPTIONS!$C$25/60 -> 45 | I11: =IF(AND(H11>=ASSUMPTIONS!$C$26,H11<=ASSUMPTIONS!$C$27),"Yes",IF(H11<ASSUMPTIONS!$C$26,"Too short","Too long")) -> Yes
B13: Two things to watch: (1) the Drought can run as long as the main game because it is fed by discards — if that feels like a slog, the discard rate or the cap is the lever; (2) compare "main rounds" across counts — a 2-player game is a long builder, a 6-7 player game is a short sprint. Decide if that spread is acceptable or if the deck/Source should scale differently.

Sheet LEVER TEST
B2: Lever Test — does partial-unlearn open the window?
B3: The candidate fix: allow partial unlearning so pivoting to an enchantment costs fewer turns. This sheet holds your draw-rate d fixed and varies acquisition cost A = 3 (today) / 2 / 1 (full partial-unlearn). Window width = Rounds − 2A (with capacity-gain = 1). Green = enchantments become a real strategy.
B5: Players | C5: Window @ A=3 | D5: Window @ A=2 | E5: Window @ A=1 | F5: What changes
B6: 2 | C6: ='TURN BUDGET'!H6-2*3 -> 4.75 | D6: ='TURN BUDGET'!H6-2*2 -> 6.75 | E6: ='TURN BUDGET'!H6-2*1 -> 8.75
B7: 3 | C7: ='TURN BUDGET'!H7-2*3 -> 0 | D7: ='TURN BUDGET'!H7-2*2 -> 2 | E7: ='TURN BUDGET'!H7-2*1 -> 4
B8: 4 | C8: ='TURN BUDGET'!H8-2*3 -> -2.375 | D8: ='TURN BUDGET'!H8-2*2 -> -0.375 | E8: ='TURN BUDGET'!H8-2*1 -> 1.625 | F8: small games already fine
B9: 5 | C9: ='TURN BUDGET'!H9-2*3 -> -1.6 | D9: ='TURN BUDGET'!H9-2*2 -> 0.4 | E9: ='TURN BUDGET'!H9-2*1 -> 2.4 | F9: 4p flips negative→positive
B10: 6 | C10: ='TURN BUDGET'!H10-2*3 -> -2.9166667 | D10: ='TURN BUDGET'!H10-2*2 -> -0.91666667 | E10: ='TURN BUDGET'!H10-2*1 -> 1.0833333 | F10: 5p: shut at A=3, opens at A=1
B11: 7 | C11: ='TURN BUDGET'!H11-2*3 -> -3.8571429 | D11: ='TURN BUDGET'!H11-2*2 -> -1.8571429 | E11: ='TURN BUDGET'!H11-2*1 -> 0.14285714 | F11: tightest — needs A=1
B13: Verdict to test live: reducing the pivot to A=1 (full partial-unlearn) is the single lever that turns enchantments green at every player count. A=2 helps the small games but leaves 5-7p marginal. Take A=1 into the next playtest as the hypothesis; this sheet says it should work — the session confirms whether it FEELS right and whether it destabilises conjurations/transfigurations.

Sheet PATH OPPORTUNITY COST
B2: Path Opportunity Cost — what one learning action buys
B3: Each EMPOWER adds one card for one learning action. The marginal RP is what a player gives up by spending that action on an enchantment pivot instead.
B5: Grow spell from→to size | C5: Conjuration | D5: Transfig. | E5: Perfect Tr. | G5: vs. Enchantment
B6: 3 → 4 | C6: 1 | D6: 2 | E6: 3 | G6: Learn 3-comp ench. (one action):
B7: 4 → 5 | C7: 2 | D7: 3 | E7: 4 | G7: → +6 RP +1 counter (capacity)
B8: 5 → 6 | C8: 3 | D8: 4 | E8: 5 | G8: RP per action at A=1: 6.0
B9: 6 → 7 | C9: 4 | D9: 5 | E9: 6 | G9: RP per action at A=2: 3.0
B10: 7 → 8 | C10: 5 | D10: 6 | E10: 7 | G10: RP per action at A=3: 2.0
B11: 8 → 9 | C11: 6 | D11: 7 | E11: 8 | G11: (plus the compounding capacity, if
B12: 9 → 10 | C12: 7 | D12: 8 | E12: 9 | G12: the window in sheet 4 is positive)
B13: 10 → 11 | C13: 8 | D13: 9 | E13: 10
B14: 11 → 12 | C14: 9 | D14: 10 | E14: 11
B15: 12 → 13 | C15: 10 | D15: 11 | E15: 12
B16: 13 → 14 | C16: 11 | D16: 12 | E16: 13
B17: 14 → 15 | C17: 12 | D17: 13 | E17: 14
B20: Read: at A=3 the enchantment yields ~2 RP per action — worse than empowering almost any spell, AND the capacity never pays back. At A=1 it yields 6 RP per action plus compounding capacity — the best action on the board. The acquisition cost is the whole game.

Sheet SCORING EFFICIENCY
B2: Scoring Efficiency — is one path strictly best?
B3: Left: Recognition Points by size (inputs, from Scoring Reference v2.8). Right: RP per component — the density of each path. If one path dominates the density curve, your "four viable paths" is really one path plus three traps.
B5: Size | C5: Conj | D5: Trans | E5: PerfTr | G5: Conj /comp | H5: Trans /comp | I5: PerfTr /comp | J5: Densest path
B6: 3 | C6: 3 | D6: 5 | E6: 7 | G6: =C6/B6 -> 1 | H6: =D6/B6 -> 1.6666667 | I6: =E6/B6 -> 2.3333333 | J6: =CHOOSE(MATCH(MAX(G6:I6),G6:I6,0),"Conjuration","Transfiguration","Perfect Transmutation") -> Perfect Transmutation
B7: 4 | C7: 4 | D7: 7 | E7: 10 | G7: =C7/B7 -> 1 | H7: =D7/B7 -> 1.75 | I7: =E7/B7 -> 2.5 | J7: =CHOOSE(MATCH(MAX(G7:I7),G7:I7,0),"Conjuration","Transfiguration","Perfect Transmutation") -> Perfect Transmutation
B8: 5 | C8: 6 | D8: 10 | E8: 14 | G8: =C8/B8 -> 1.2 | H8: =D8/B8 -> 2 | I8: =E8/B8 -> 2.8 | J8: =CHOOSE(MATCH(MAX(G8:I8),G8:I8,0),"Conjuration","Transfiguration","Perfect Transmutation") -> Perfect Transmutation
B9: 6 | C9: 9 | D9: 14 | E9: 19 | G9: =C9/B9 -> 1.5 | H9: =D9/B9 -> 2.3333333 | I9: =E9/B9 -> 3.1666667 | J9: =CHOOSE(MATCH(MAX(G9:I9),G9:I9,0),"Conjuration","Transfiguration","Perfect Transmutation") -> Perfect Transmutation
B10: 7 | C10: 13 | D10: 19 | E10: 25 | G10: =C10/B10 -> 1.8571429 | H10: =D10/B10 -> 2.7142857 | I10: =E10/B10 -> 3.5714286 | J10: =CHOOSE(MATCH(MAX(G10:I10),G10:I10,0),"Conjuration","Transfiguration","Perfect Transmutation") -> Perfect Transmutation
B11: 8 | C11: 18 | D11: 25 | E11: 32 | G11: =C11/B11 -> 2.25 | H11: =D11/B11 -> 3.125 | I11: =E11/B11 -> 4 | J11: =CHOOSE(MATCH(MAX(G11:I11),G11:I11,0),"Conjuration","Transfiguration","Perfect Transmutation") -> Perfect Transmutation
B12: 9 | C12: 24 | D12: 32 | E12: 40 | G12: =C12/B12 -> 2.6666667 | H12: =D12/B12 -> 3.5555556 | I12: =E12/B12 -> 4.4444444 | J12: =CHOOSE(MATCH(MAX(G12:I12),G12:I12,0),"Conjuration","Transfiguration","Perfect Transmutation") -> Perfect Transmutation
B13: 10 | C13: 31 | D13: 40 | E13: 49 | G13: =C13/B13 -> 3.1 | H13: =D13/B13 -> 4 | I13: =E13/B13 -> 4.9 | J13: =CHOOSE(MATCH(MAX(G13:I13),G13:I13,0),"Conjuration","Transfiguration","Perfect Transmutation") -> Perfect Transmutation
B14: 11 | C14: 39 | D14: 49 | E14: 59 | G14: =C14/B14 -> 3.5454545 | H14: =D14/B14 -> 4.4545455 | I14: =E14/B14 -> 5.3636364 | J14: =CHOOSE(MATCH(MAX(G14:I14),G14:I14,0),"Conjuration","Transfiguration","Perfect Transmutation") -> Perfect Transmutation
B15: 12 | C15: 48 | D15: 59 | E15: 70 | G15: =C15/B15 -> 4 | H15: =D15/B15 -> 4.9166667 | I15: =E15/B15 -> 5.8333333 | J15: =CHOOSE(MATCH(MAX(G15:I15),G15:I15,0),"Conjuration","Transfiguration","Perfect Transmutation") -> Perfect Transmutation
B16: 13 | C16: 58 | D16: 70 | E16: 82 | G16: =C16/B16 -> 4.4615385 | H16: =D16/B16 -> 5.3846154 | I16: =E16/B16 -> 6.3076923 | J16: =CHOOSE(MATCH(MAX(G16:I16),G16:I16,0),"Conjuration","Transfiguration","Perfect Transmutation") -> Perfect Transmutation
B17: 14 | C17: 69 | D17: 82 | E17: 95 | G17: =C17/B17 -> 4.9285714 | H17: =D17/B17 -> 5.8571429 | I17: =E17/B17 -> 6.7857143 | J17: =CHOOSE(MATCH(MAX(G17:I17),G17:I17,0),"Conjuration","Transfiguration","Perfect Transmutation") -> Perfect Transmutation
B18: 15 | C18: 81 | D18: 95 | E18: 109 | G18: =C18/B18 -> 5.4 | H18: =D18/B18 -> 6.3333333 | I18: =E18/B18 -> 7.2666667 | J18: =CHOOSE(MATCH(MAX(G18:I18),G18:I18,0),"Conjuration","Transfiguration","Perfect Transmutation") -> Perfect Transmutation
B20: Enchantment (max size 4): | G20: 3-comp = 6 RP → 2.00 /comp +1 capacity
G21: 4-comp = 15 RP → 3.75 /comp +unlimited
B23: Read: Perfect Transmutation leads RP-density at every size — but it is the hardest to assemble (sequential AND same energy). The real question the table answers: is the PT payoff so far ahead that conjuration/transfiguration become consolation prizes? If the densest-path column is all "Perfect Transmutation", consider flattening its top end or boosting the others.
